NIVEL,DESCAGENTE,CUIT_CUIL,NRO_DOCUMENTO,HAB_C_AP,HAB_S_AP,ASIG_FAM,TOT_HAB,RETENCIONES,DESCUENTOS,LIQUIDO,CARGA_PATRONAL,BRUTO_LEY7991,PENSION_229_92,LIQUIDO_LEY7991,COSTO_LABORAL_01,COSTO_LABORAL_02,SUELDO_MANO,SUELDO,MONTO_ANTIGUEDAD,FUNCION_JERARQUICA,PORC_FUNC,LIB_003_30,LIB_003_31,LIB_003_32,LIB_003_33,LIB_003_34,LIB_003_35,LIB_003_36,LIB_003_37,LIB_003_38,LIB_003_39,LIB_003_40,GC_003_41,LIB_003_42,LIB_003_43,LIB_003_44,LIB_003_45,LIB_003_46,LIB_003_47,LIB_003_48,GC_003_49,LIB_003_50,LIB_003_51,LIB_003_52,LIB_003_55,LIB_003_56,GC_003_57,LIB_003_58,LIB_003_59,LIB_003_60,GC_003_65,GC_003_66,GC_003_67,GC_003_68,LIB_003_70,LIB_003_71,GC_003_72,GC_003_73,LIB_003_74,LIB_003_75,GC_003_76,GC_003_77,GC_003_78,GC_003_79,LIB_003_80,GC_003_81,LIB_003_82,LIB_003_83,LIB_003_84,GC_003_85,GC_003_86,Esc_Horizontal,Grado_Esc_Horizontal,AP_SOCIAL_S_APORTE,AP_SOCIAL_C_APORTE,AY_SOCIAL_090_10,AY_SOCIAL_090_13,DGI_171_02,DGI_171_50,DESC_GANANCIA,INASISTENCIA_GANANCIA,DIAS_INASIST,D_TRAB,ANTIGUEDAD,_007_20_ZONA_DESFABORABLE,_021_00_ACTIVIDAD_CRITICA,Dif_Zona,_007_23_ZonaDesfavorable,_007_24_ZonaDesfavorable,MALA_PRAXI,BLOQUEO_TITULO,TITULO_POSPRIMARIO,TITULO_SECUNDARIO,TITULO_TERCIARIO,TITULO_UNI_4_ANO,TITULO_UNI_5_ANO,TITULO_UNI_3_ANO,COMP_MINIMA_099_65,IncrementoMinimo_099_75,DifCompensatoria_099_26,VI_000_03,Presentismo,TKT150,DCTO1782_099_20,DCTO1782_099_21,ATE_114,UPCN,MUTPROV,ATSA,SUMAR,AME,AMEN,ATE_448,SITAS,ESP_MEDICA,RETRO_ESP_MEDICA,ACTA_SALARIAL_MARZO_2013,SEGUROS_MALAS_PRAXISS,SEGURO_MALA_PRAXIS_MEDICO,RESPONSABILIDAD_SANITARIA,FAMILIAR_DISCAPACITADO_AL_50,FAMILIAR_DISCAPACITADO_AL_100,FAMILIAR_DISCAPACITADO_AL_50RETRO,FAMILIAR_DISCAPACITADO_AL_100RETRO,ENTIERRO_Y_LUTO,RETENCION_SUELDO,RETENCION_1700,DIF_SAC_000_29,O_147_00,O_147_01,O_147_02,O_148_00,O_148_01,O_148_02,ApJubPer,ObSocPer,O_170_01,O_170_02,O_170_04,O_170_10,O_170_12,O_170_13,O_170_14,O_170_15,O_170_16,O_170_17,O_170_18,O_170_20,O_170_21,O_170_22,O_170_24,O_170_25,O_170_26,O_170_27,O_170_28,O_170_29,O_170_50,ApJubPatronal,ApJubPatronal_17,ObSocPatronal,Art_Patronal,DescCajaPopular,SegColectivo,AdicSegColectivo_00,AdicSegColectivo_01,AdicSegColectivo_06,RespSantMedica,RecGastoCap,SITRAS,DctNac561,Dto6_1CG,Dto6_1CG_CAP,Dto620_03_1800,Dto620_03_1800_CAP,AportePersonalCargoProv,_092_03_Dto_26_3_2021ME,_092_04_Dto_26_3_2021ME,_092_05_ActRiesgo,_092_12_DifPerEnf,_092_13_DtoSanidadSAp,SubNivel_092_13,_092_14_DtoSanidadCAp,SubNivel_092_14,_090_40_ApPersACargoProv,_092_17GuardiaActivaSAp,_092_15_Art1,_092_16_Art1,_092_25,_900_15,PLANTASS,PLANTA,ORGANISMO,FUNCION,AGRUPAMIENTO,PERIODO_IMPUTADO,PERIODO_LIQUIDADO,NUMERO_CARGO,FECHA_NACIMIENTO,FECHA_ALTA_CARGO,INST_LEGAL_ALTA,OB_ALTA,FECHA_BAJA_CARGO,INST_LEGAL_BAJA,OB_BAJA,NUMERO_LEGAJO,NRO_REC,AREA,SEXO,FECHA_CARGO_PRINCIPAL,FECHA_ALTA_TITULO,TIT_EDUCATIVO,AREA_TEMATICA,DURACION,NUMERO_LIQ,ESTADO_LIQUIDACION,Area2,tt_100_51_FD,Obs_tt_100_51_FD,tt_100_52_FD,Obs_tt_100_52_FD,tt_100_53_FD,Obs_tt_100_53_FD,tt_100_54_FD,Obs_tt_100_54_FD,tt_100_55_FD,Obs_tt_100_55_FD,tt_100_56_FD,Obs_tt_100_56_FD,tt_100_57_FD,Obs_tt_100_57_FD,tt_100_58_FD,Obs_tt_100_58_FD,GC_003_89,GC_003_90,GC_003_87,GC_003_88,LIB_003_91,LIB_003_92,LIB_003_93,LIB_003_94,LIB_003_95,LIB_031_65,LIB_031_66,GC_031_72,GC_031_73,GC_031_76,GC_031_77,GC_031_80,GC_031_81,GC_031_85,GC_031_86,GC_031_87,GC_031_88,GC_031_89,GC_031_90,LIB_003_96,LIB_031_96,LIB_032_91,LIB_032_92,LIB_032_93,DifEscalafon_092_26,DifEnferia_092_18,DifBasicoNivelA_000_31,ProgFortRetTalentoSAp_092_21,ProgFortRetTalentoCAp_092_22,Dto2150IncArt1SAp_092_30,Dto2150IncArt1SAp_092_31,_091_27ResNacionales,_tt_099_30,_tt_099_81,_tt_092_27,Nivel_Ley,_tt_Svuelo_090_51,ESTADO_RECIBO,LIB_003_61,LIB_003_62,LIB_003_63,LIB_003_64,Dto_2987_3_ME_Art8CAp,AjusteBecaNac,DiferenciaFuncionJerarquica,Dedicacion_Exclusiva,Compen_DIPOS,Retencion_Sueldo_16,LIB_031_34,LIB_031_84,LIB_031_50,LIB_031_60,LIB_031_59,LIB_031_37,LIB_031_36,LIB_031_33,LIB_031_38,LIB_031_39,LIB_031_42,LIB_031_43,LIB_031_44,LIB_031_45,LIB_031_46,LIB_031_47,LIB_031_61,LIB_031_62,LIB_031_63,LIB_031_64,LIB_031_70,Pension_229T73,Pension_229T74,LIB_031_40,LIB_031_41,GC_032_80,GC_032_81,LIB_B32_80,LIB_B32_81,GC_031_48,LIB_031_49,LIB_032_48,LIB_032_49,Esp_10Porc,Esp_20Porc,Esp_40Porc,LIB_031_57,LIB_031_58,LIB_031_54,LIB_032_55,ttp_092_33,ttp_092_34,LIB_031_53,LIB_032_94,LIB_SC1_25,LIB_SC2_25,LIB_032_95,LIB_032_34,LIB_033_34,LIB_D31_48,LIB_N31_48,LIB_D31_49,LIB_N31_49,LIB_D32_94,LIB_N32_94,LIB_COB_85,LIB_COB_86,ZONA_007_27,ZONA_007R02,ZONA_007R03,ZONA_007R04,ZONA_007_28,AP100_090_54,ActRiesgo_092_06,LIB_003_97,LIB_003_99,LIB_031_97,LIB_031_99,LIB_003F66,LIB_003F73,LIB_003F86,LIB_COBF86,LIB_032F55
NIVEL a1.                                          ,BUSTOS JOSE LUIS        ,20202851410,20285141,"4,410,777.59","464,935.03","47,200.00","4,922,912.62","-759,265.02","-74,606.37","4,089,041.23","764,110.05",0.00,0.00,0.00,"5,687,022.67","5,687,022.67","4,089,041.23","305,735.67","43,469.79","139,724.23",45.00,0.00,0.00,0.00,0.00,"667,497.95",0.00,0.00,0.00,0.00,0.00,0.00,0.00,0.00,0.00,0.00,0.00,0.00,0.00,0.00,0.00,0.00,0.00,0.00,0.00,0.00,0.00,0.00,0.00,0.00,0.00,0.00,0.00,0.00,0.00,0.00,0.00,0.00,0.00,0.00,0.00,0.00,0.00,0.00,0.00,0.00,0.00,0.00,0.00,0.00,0.00,"46,574.74",GRADO  II            ,0.00,"195,439.00",0.00,0.00,0.00,"54,580.89","85,025.48",0.00,0.00,30.00,7.00,0.00,0.00,0.00,0.00,0.00,0.00,0.00,0.00,0.00,0.00,0.00,"155,249.14",0.00,0.00,0.00,0.00,0.00,"16,023.88",0.00,0.00,"10,472.12",0.00,0.00,0.00,0.00,0.00,0.00,0.00,0.00,0.00,0.00,0.00,0.00,0.00,0.00,"62,099.66",0.00,0.00,0.00,0.00,0.00,0.00,0.00,0.00,"6,000.00",0.00,0.00,900.00,0.00,0.00,"451,660.76","242,604.26",0.00,0.00,0.00,0.00,0.00,0.00,0.00,0.00,"65,000.00",0.00,0.00,0.00,0.00,0.00,0.00,0.00,0.00,0.00,0.00,0.00,0.00,"448,576.08",0.00,"168,447.58","147,086.39",0.00,"10,642.00","2,483.48",0.00,0.00,0.00,"10,169.29",0.00,0.00,0.00,0.00,0.00,0.00,0.00,0.00,0.00,0.00,0.00,0.00,0.00,"100,950.46","NIVEL a1,            ","451,660.76",0.00,0.00,0.00,0.00,0.00,2,Permanente Interino,DIRECCION DE AERONAUTICA                                                                                                                              ,JEFE DE DIVISION GESTION Y LOGISTICA - NIVEL A1,No Asistenciales,01/04/2026,01/04/2026,2,19/04/1969,01/10/2025,1498/SEAC/2025,NULL,NULL,NULL,NULL,20255141,24,PERSONAL DE PLANTA AERONAUTICA,M     ,01/10/2025,22/11/2023,PROFESOR DE EDUCACION FISICA                                                                        ,UNIVERSITARIO                 ,Universitario 5 años          ,1298604,DE    ,A27,0.00,0.00,0.00,0.00,0.00,0.00,0.00,0.00,0.00,0.00,0.00,0.00,0.00,0.00,0.00,0.00,0.00,0.00,0.00,0.00,0.00,0.00,0.00,0.00,0.00,0.00,0.00,0.00,0.00,0.00,0.00,0.00,0.00,0.00,0.00,0.00,0.00,0.00,0.00,0.00,0.00,0.00,0.00,0.00,"3,104.98",0.00,"4,762.61",0.00,"310,498.28",0.00,"43,388.98",0.00,0.00,0.00,0.00,SinDatos,0.00,RECIBO OK,0.00,0.00,0.00,0.00,0.00,0.00,0.00,0.00,0.00,0.00,0.00,0.00,0.00,0.00,0.00,0.00,0.00,0.00,0.00,0.00,0.00,0.00,0.00,0.00,0.00,0.00,0.00,0.00,0.00,0.00,0.00,0.00,0.00,0.00,0.00,0.00,0.00,0.00,0.00,0.00,0.00,0.00,0.00,0.00,0.00,0.00,0.00,0.00,0.00,0.00,0.00,"169,488.23",0.00,0.00,0.00,0.00,0.00,"168,113.75",0.00,0.00,0.00,0.00,0.00,0.00,0.00,0.00,0.00,0.00,0.00,0.00,0.00,0.00,0.00,"155,249.14",0.00,0.00,0.00,0.00,0.00,0.00,0.00,0.00,0.00
NIVEL b2.                                          ,CORNEJO RAFAEL NERI  ,20254569276,25456927,"607,080.25","2,836,407.37","47,200.00","3,490,687.62","-256,597.44","-21,142.00","3,212,948.18","196,788.19","120,329.31",0.00,"120,329.31","3,807,805.12","3,807,805.12","3,333,277.49","254,672.90","147,710.25",0.00,0.00,0.00,0.00,0.00,0.00,0.00,0.00,0.00,0.00,0.00,0.00,0.00,0.00,0.00,0.00,0.00,0.00,0.00,0.00,0.00,0.00,0.00,0.00,0.00,0.00,0.00,0.00,0.00,0.00,0.00,0.00,0.00,0.00,0.00,0.00,0.00,0.00,0.00,0.00,0.00,0.00,0.00,0.00,0.00,0.00,0.00,0.00,0.00,0.00,0.00,0.00,"178,271.03",GRADO  VII          ,"266,133.47",0.00,0.00,0.00,0.00,0.00,"183,642.00",0.00,0.00,30.00,29.00,0.00,0.00,0.00,0.00,0.00,0.00,0.00,0.00,0.00,0.00,"101,869.16",0.00,0.00,0.00,0.00,0.00,0.00,"16,023.88",0.00,"6,601.88",0.00,0.00,0.00,0.00,0.00,0.00,0.00,0.00,0.00,0.00,0.00,0.00,0.00,0.00,0.00,"50,934.58",0.00,0.00,0.00,0.00,0.00,0.00,0.00,0.00,"6,000.00","3,600.00",0.00,900.00,0.00,0.00,"66,778.83","27,318.61","65,000.00",0.00,0.00,0.00,0.00,0.00,0.00,0.00,"65,000.00","32,500.00",0.00,0.00,0.00,0.00,0.00,0.00,0.00,0.00,0.00,0.00,0.00,"61,740.06",0.00,"27,318.61","107,729.52",0.00,"10,642.00",0.00,0.00,0.00,0.00,0.00,0.00,0.00,0.00,0.00,0.00,0.00,0.00,0.00,0.00,"127,336.45",0.00,"96,677.42","NIVEL b2,            ",0.00,0.00,0.00,0.00,0.00,0.00,0.00,0.00,2,Permanente Interino,DIRECCION DE AERONAUTICA                                                                                                                              ,PILOTO-Niv B2                                  ,No Asistenciales,01/04/2026,01/04/2026,2,17/09/1976,01/01/2026,1503/SPS/2025,PASE A PLANTA INTERINA.-                                                                                                                                                                                ,NULL,NULL,NULL,25456927,18,PERSONAL DE PLANTA AERONAUTICA,M     ,01/01/2026,16/11/2023,LICENCIADO EN ADMINISTRACION,CONTABLE                      ,Universitario 4 años          ,1298604,DE    ,A27,0.00,0.00,0.00,0.00,0.00,0.00,0.00,0.00,0.00,0.00,0.00,0.00,0.00,0.00,0.00,0.00,0.00,0.00,0.00,0.00,0.00,0.00,0.00,0.00,0.00,0.00,0.00,0.00,0.00,0.00,0.00,0.00,0.00,0.00,0.00,0.00,0.00,0.00,0.00,0.00,0.00,0.00,0.00,0.00,"15,280.37",0.00,0.00,"254,672.90",0.00,"30,677.36",0.00,0.00,0.00,0.00,"53,499.33",SinDatos,0.00,RECIBO OK,0.00,0.00,0.00,0.00,0.00,0.00,0.00,0.00,0.00,0.00,0.00,0.00,0.00,0.00,0.00,0.00,0.00,0.00,0.00,0.00,0.00,0.00,0.00,0.00,0.00,0.00,0.00,0.00,0.00,0.00,0.00,0.00,0.00,0.00,0.00,0.00,0.00,0.00,0.00,0.00,0.00,0.00,0.00,0.00,0.00,0.00,0.00,0.00,0.00,0.00,"169,488.23",0.00,0.00,0.00,0.00,0.00,0.00,0.00,0.00,0.00,0.00,0.00,0.00,0.00,0.00,0.00,0.00,0.00,0.00,0.00,0.00,0.00,0.00,0.00,0.00,0.00,0.00,0.00,0.00,0.00,0.00,0.00,0.00
NIVEL d                                                     ,CUELLO GUSTAVO ALEJANDRO,20258439717,25843971,"232,654.76","2,474,434.01",0.00,"2,707,088.77","-101,061.48","-17,542.00","2,588,485.29","117,541.56","46,114.48",0.00,"46,114.48","2,870,744.81","2,870,744.81","2,634,599.77","180,802.80","18,080.31",0.00,0.00,0.00,0.00,0.00,0.00,0.00,0.00,0.00,0.00,0.00,0.00,0.00,0.00,0.00,0.00,0.00,0.00,0.00,0.00,0.00,0.00,0.00,0.00,0.00,0.00,0.00,0.00,0.00,0.00,0.00,0.00,0.00,0.00,0.00,0.00,0.00,0.00,0.00,0.00,0.00,0.00,0.00,0.00,0.00,0.00,0.00,0.00,0.00,0.00,0.00,0.00,0.00,0.00,"131,711.39",0.00,0.00,0.00,0.00,0.00,"82,542.00",0.00,0.00,30.00,5.00,0.00,0.00,0.00,0.00,0.00,0.00,0.00,0.00,"36,160.56",0.00,0.00,0.00,0.00,0.00,0.00,0.00,0.00,"16,023.88",0.00,"5,332.88",0.00,0.00,0.00,0.00,0.00,0.00,0.00,0.00,0.00,0.00,0.00,0.00,0.00,0.00,0.00,"36,160.56",0.00,0.00,0.00,0.00,0.00,0.00,0.00,0.00,"6,000.00",0.00,0.00,900.00,0.00,0.00,"25,592.02","10,469.46",0.00,0.00,0.00,0.00,0.00,0.00,0.00,0.00,"65,000.00",0.00,0.00,0.00,0.00,0.00,0.00,0.00,0.00,0.00,0.00,0.00,0.00,"23,660.99",0.00,"10,469.46","83,411.11",0.00,"10,642.00",0.00,0.00,0.00,0.00,0.00,0.00,0.00,0.00,0.00,0.00,0.00,0.00,0.00,0.00,"90,401.40",0.00,"96,677.42",NIVEL d                ,0.00,0.00,0.00,0.00,0.00,0.00,0.00,0.00,1,Permanente Titular,DIRECCION DE AERONAUTICA                                                                                                                              ,PILOTO - NIVEL d                            ,No Asistenciales,01/04/2026,01/04/2026,2,30/05/1977,16/09/2024,1709/SEAC 09/24,POR RES. N°1709/SEAC DEL 06/09/24  PASA A CUMPLIR FUNCIONES DE PILOTO A PARTIR DEL DIA SIG AL DE NOTIF. (NOTIF 15/09/24).-                                                                              ,NULL,NULL,NULL,25843971,23,PERSONAL DE PLANTA AERONAUTICA,M     ,01/09/2024,23/11/2023,BACHILLER,SECUNDARIO                    ,Secundario                    ,1298604,DE    ,A27,0.00,0.00,0.00,0.00,0.00,0.00,0.00,0.00,0.00,0.00,0.00,0.00,0.00,0.00,0.00,0.00,0.00,0.00,0.00,0.00,0.00,0.00,0.00,0.00,0.00,0.00,0.00,0.00,0.00,0.00,0.00,0.00,0.00,0.00,0.00,0.00,0.00,0.00,0.00,0.00,0.00,0.00,0.00,0.00,"1,808.03",0.00,0.00,"180,802.80",0.00,"22,202.96",0.00,0.00,0.00,0.00,"111,272.70",SinDatos,0.00,RECIBO OK,0.00,0.00,0.00,0.00,0.00,0.00,0.00,0.00,0.00,0.00,0.00,0.00,0.00,0.00,0.00,0.00,0.00,0.00,0.00,0.00,0.00,0.00,0.00,0.00,0.00,0.00,0.00,0.00,0.00,0.00,0.00,0.00,0.00,0.00,0.00,0.00,0.00,0.00,0.00,0.00,0.00,0.00,0.00,0.00,0.00,0.00,0.00,0.00,0.00,0.00,"169,488.23",0.00,0.00,0.00,0.00,0.00,0.00,0.00,0.00,0.00,0.00,0.00,0.00,0.00,0.00,0.00,0.00,0.00,0.00,0.00,0.00,0.00,0.00,0.00,0.00,0.00,0.00,0.00,0.00,0.00,0.00,0.00,0.00
NIVEL d                                                     ,CUEVAS CARLOS MAURICIO,20267832421,26783242,"302,950.93","1,084,612.82",0.00,"1,387,563.75","-95,707.39","-17,542.00","1,274,314.36","88,686.26","60,047.87",0.00,"60,047.87","1,536,297.88","1,536,297.88","1,334,362.23","180,802.80","50,624.86",0.00,0.00,0.00,0.00,0.00,0.00,0.00,0.00,0.00,0.00,0.00,0.00,0.00,0.00,0.00,0.00,0.00,0.00,0.00,0.00,0.00,0.00,0.00,0.00,0.00,0.00,0.00,0.00,0.00,0.00,0.00,0.00,0.00,0.00,0.00,0.00,0.00,0.00,0.00,0.00,0.00,0.00,0.00,0.00,0.00,0.00,0.00,0.00,0.00,0.00,0.00,0.00,"54,240.84",GRADO  III          ,"121,138.01",0.00,0.00,0.00,0.00,0.00,"66,292.00",0.00,0.00,30.00,14.00,0.00,0.00,0.00,0.00,0.00,0.00,0.00,0.00,"36,160.56",0.00,0.00,0.00,0.00,0.00,0.00,0.00,0.00,"16,023.88",0.00,"5,332.88",0.00,0.00,0.00,0.00,0.00,0.00,0.00,0.00,0.00,0.00,0.00,0.00,0.00,0.00,0.00,"36,160.56",0.00,0.00,0.00,0.00,0.00,0.00,0.00,0.00,"6,000.00",0.00,0.00,900.00,0.00,0.00,"33,324.60","13,632.79",0.00,0.00,0.00,0.00,0.00,0.00,0.00,0.00,"48,750.00",0.00,0.00,0.00,0.00,0.00,0.00,0.00,0.00,0.00,0.00,0.00,0.00,"30,810.11",0.00,"13,632.79","44,243.36",0.00,"10,642.00",0.00,0.00,0.00,0.00,0.00,0.00,0.00,0.00,0.00,0.00,0.00,0.00,0.00,0.00,"90,401.40",0.00,"96,677.42",NIVEL d                ,0.00,0.00,0.00,0.00,0.00,0.00,0.00,0.00,1,Permanente Titular,DIRECCION DE AERONAUTICA                                                                                                                              ,DESPACHANTE DE AERONAVES - NIVEL d,No Asistenciales,01/04/2026,01/04/2026,2,11/10/1978,01/12/2024,2053/SEAC-2024,2053/SEAC-07/11/2024 - CAMBIO DE FUNCION A DESPACHANTE DE AERONAVES                                                                                                                                     ,NULL,NULL,NULL,26783242,27,PERSONAL DE PLANTA AERONAUTICA,M     ,01/12/2024,24/11/2023,BACHILLER,SECUNDARIO                    ,Secundario                    ,1298604,DE    ,A27,0.00,0.00,0.00,0.00,0.00,0.00,0.00,0.00,0.00,0.00,0.00,0.00,0.00,0.00,0.00,0.00,0.00,0.00,0.00,0.00,0.00,0.00,0.00,0.00,0.00,0.00,0.00,0.00,0.00,0.00,0.00,0.00,0.00,0.00,0.00,0.00,0.00,0.00,0.00,0.00,0.00,0.00,0.00,0.00,"3,616.06",0.00,0.00,"180,802.80",0.00,"22,202.96",0.00,0.00,0.00,0.00,"111,272.70",SinDatos,0.00,RECIBO OK,0.00,0.00,0.00,0.00,0.00,0.00,0.00,0.00,0.00,0.00,0.00,0.00,0.00,0.00,0.00,0.00,0.00,0.00,0.00,0.00,0.00,0.00,0.00,0.00,0.00,0.00,0.00,0.00,0.00,0.00,0.00,0.00,0.00,0.00,0.00,0.00,0.00,0.00,0.00,0.00,0.00,0.00,0.00,0.00,0.00,0.00,0.00,0.00,0.00,0.00,"169,488.23",0.00,0.00,0.00,0.00,0.00,0.00,0.00,0.00,0.00,0.00,0.00,0.00,0.00,0.00,0.00,0.00,0.00,0.00,0.00,0.00,0.00,0.00,0.00,0.00,0.00,0.00,0.00,0.00,0.00,0.00,0.00,0.00
NIVEL d                                                     ,DIAZ POSLEMAN WALTER SANTOS,20362246548,36224654,"294,163.90","1,405,238.46","80,000.00","1,779,402.36","-94,345.41","-24,896.10","1,660,160.85","96,700.12","58,306.20",0.00,"58,306.20","1,934,408.68","1,934,408.68","1,718,467.05","180,802.80","39,776.68",0.00,0.00,0.00,0.00,0.00,0.00,0.00,0.00,0.00,0.00,0.00,0.00,0.00,0.00,0.00,0.00,0.00,0.00,0.00,0.00,0.00,0.00,0.00,0.00,0.00,0.00,0.00,0.00,0.00,0.00,0.00,0.00,0.00,0.00,0.00,0.00,0.00,0.00,0.00,0.00,0.00,0.00,0.00,0.00,0.00,0.00,0.00,0.00,0.00,0.00,0.00,0.00,"54,240.84",GRADO  III          ,"121,138.01",0.00,0.00,0.00,0.00,0.00,"66,292.00",0.00,0.00,30.00,11.00,0.00,0.00,0.00,0.00,0.00,0.00,0.00,0.00,"36,160.56",0.00,0.00,0.00,0.00,0.00,0.00,0.00,0.00,"16,023.88",0.00,"5,332.88",0.00,0.00,0.00,0.00,"7,354.10",0.00,0.00,0.00,0.00,0.00,0.00,0.00,0.00,0.00,0.00,"36,160.56",0.00,0.00,0.00,0.00,0.00,0.00,0.00,0.00,"6,000.00",0.00,0.00,900.00,0.00,0.00,"32,358.03","13,237.38",0.00,0.00,0.00,0.00,0.00,0.00,0.00,0.00,"48,750.00",0.00,0.00,0.00,0.00,0.00,0.00,0.00,0.00,0.00,0.00,0.00,0.00,"29,916.47",0.00,"13,237.38","53,546.27",0.00,"10,642.00",0.00,0.00,0.00,0.00,0.00,0.00,0.00,0.00,0.00,0.00,0.00,0.00,0.00,0.00,"90,401.40",0.00,"96,677.42",NIVEL d                ,0.00,0.00,0.00,0.00,0.00,0.00,0.00,0.00,2,Permanente Interino,DIRECCION DE AERONAUTICA                                                                                                                              ,ADMINISTRATIVO - NIVEL d,No Asistenciales,01/04/2026,01/04/2026,3,03/09/1991,01/05/2024,639/SEAC/2024,NULL,NULL,NULL,NULL,36224654,6,PERSONAL DE PLANTA AERONAUTICA,M     ,01/05/2024,01/06/2014,BACHILLER,SECUNDARIO                    ,Secundario                    ,1298604,DE    ,A27,0.00,0.00,0.00,0.00,0.00,0.00,0.00,0.00,0.00,0.00,0.00,0.00,0.00,0.00,0.00,0.00,0.00,0.00,0.00,0.00,0.00,0.00,0.00,0.00,0.00,0.00,0.00,0.00,0.00,0.00,0.00,0.00,0.00,0.00,0.00,0.00,0.00,0.00,0.00,0.00,0.00,0.00,0.00,0.00,"3,616.06",0.00,0.00,"180,802.80",0.00,"23,883.31",0.00,0.00,0.00,"98,670.72","111,272.70",SinDatos,0.00,RECIBO OK,0.00,0.00,0.00,0.00,0.00,0.00,0.00,0.00,0.00,0.00,0.00,0.00,0.00,0.00,"503,954.93",0.00,0.00,0.00,0.00,0.00,0.00,0.00,0.00,0.00,0.00,0.00,0.00,0.00,0.00,0.00,0.00,0.00,0.00,0.00,0.00,0.00,0.00,0.00,0.00,0.00,0.00,0.00,0.00,0.00,0.00,0.00,0.00,0.00,0.00,0.00,"169,488.23",0.00,0.00,0.00,0.00,0.00,0.00,0.00,0.00,0.00,0.00,0.00,0.00,0.00,0.00,0.00,0.00,0.00,0.00,0.00,0.00,0.00,0.00,0.00,0.00,0.00,0.00,0.00,0.00,0.00,0.00,0.00,0.00
NIVEL a2.                                          ,ESBER RODOLFO ELIAS  ,20184785006,18478500,"3,092,073.81","301,230.94","41,600.00","3,434,904.75","-494,134.74","-17,542.00","2,923,228.01","516,171.50",0.00,0.00,0.00,"3,951,076.25","3,951,076.25","2,923,228.01","311,717.92","82,284.93","189,888.32",60.00,0.00,0.00,0.00,0.00,"889,997.26",0.00,0.00,0.00,0.00,0.00,0.00,0.00,0.00,0.00,0.00,0.00,0.00,0.00,0.00,0.00,0.00,0.00,0.00,0.00,0.00,0.00,0.00,0.00,0.00,0.00,0.00,0.00,0.00,0.00,0.00,0.00,0.00,0.00,0.00,0.00,0.00,0.00,0.00,0.00,0.00,0.00,0.00,0.00,0.00,0.00,"94,944.16",GRADO  III          ,0.00,"246,252.96",0.00,0.00,0.00,0.00,"82,542.00",0.00,0.00,30.00,13.00,0.00,0.00,0.00,0.00,0.00,0.00,0.00,0.00,0.00,0.00,0.00,"158,240.27",0.00,0.00,0.00,0.00,0.00,"16,023.88",0.00,0.00,"10,472.12",0.00,0.00,0.00,0.00,0.00,0.00,0.00,0.00,0.00,0.00,0.00,0.00,0.00,0.00,"63,296.11",0.00,0.00,0.00,0.00,0.00,0.00,0.00,0.00,"6,000.00",0.00,0.00,900.00,0.00,0.00,"340,128.12","89,006.62",0.00,0.00,0.00,0.00,0.00,0.00,0.00,0.00,"65,000.00",0.00,0.00,0.00,0.00,0.00,0.00,0.00,0.00,0.00,0.00,0.00,0.00,"314,463.91",0.00,"99,093.44","102,614.15",0.00,"10,642.00",0.00,0.00,0.00,0.00,"10,169.29",0.00,0.00,0.00,0.00,0.00,0.00,0.00,0.00,0.00,0.00,0.00,0.00,0.00,"102,552.84",A2                          ,"284,732.04",0.00,0.00,0.00,0.00,0.00,2,Permanente Interino,DIRECCION DE AERONAUTICA                                                                                                                              ,JEFE DPTO SERV. ADMIN. FINANCIERO-Niv A2,No Asistenciales,01/04/2026,01/04/2026,19,08/12/1967,01/02/2025,61/SEAC-25,POR RES. N°61/SEAC-25 ASIGNAR LAS FUNCIONES DE JEFE DPTO SERV. ADMIN. FINANCIERO A PARTIR DEL DIA SIG. AL DE NOTIF.(NOTIF 22/01/25).                                                                    ,NULL,NULL,NULL,18478500,8,PERSONAL DE PLANTA AERONAUTICA,M     ,01/02/2025,08/11/2012,CONTADOR PUBLICO NACIONAL,CONTABLE                      ,Universitario 5 años          ,1298604,DE    ,A27,0.00,0.00,0.00,0.00,0.00,0.00,0.00,0.00,0.00,0.00,0.00,0.00,0.00,0.00,0.00,0.00,0.00,0.00,0.00,0.00,0.00,0.00,0.00,0.00,0.00,0.00,0.00,0.00,0.00,0.00,0.00,0.00,0.00,0.00,0.00,0.00,0.00,0.00,0.00,0.00,0.00,0.00,0.00,0.00,"6,329.61",0.00,"4,762.61",0.00,"316,480.53",0.00,"53,279.75",0.00,0.00,0.00,0.00,SinDatos,0.00,RECIBO OK,0.00,0.00,0.00,0.00,0.00,0.00,0.00,0.00,0.00,0.00,0.00,0.00,0.00,0.00,0.00,0.00,0.00,0.00,0.00,0.00,0.00,0.00,0.00,0.00,0.00,0.00,0.00,0.00,0.00,0.00,0.00,0.00,0.00,0.00,0.00,0.00,0.00,0.00,0.00,0.00,0.00,0.00,0.00,0.00,0.00,0.00,0.00,0.00,0.00,0.00,0.00,"169,488.23",0.00,0.00,0.00,0.00,0.00,"224,151.66",0.00,0.00,0.00,0.00,0.00,0.00,0.00,0.00,0.00,0.00,0.00,0.00,0.00,0.00,0.00,"158,240.26",0.00,0.00,0.00,0.00,0.00,0.00,0.00,0.00,0.00
NIVEL c                                                     ,GALVAN VICTOR ALEJANDRO,20364357436,36435743,"335,692.57","1,257,206.47","83,200.00","1,676,099.04","-100,782.35","-173,391.78","1,401,924.91","99,844.21","66,537.59","6,653.76","59,883.83","1,842,480.84","1,842,480.84","1,461,808.74","217,711.15","39,188.00",0.00,0.00,0.00,0.00,0.00,0.00,0.00,0.00,0.00,0.00,0.00,0.00,0.00,0.00,0.00,0.00,0.00,0.00,0.00,0.00,0.00,0.00,0.00,0.00,0.00,0.00,0.00,0.00,0.00,0.00,0.00,0.00,0.00,0.00,0.00,0.00,0.00,0.00,0.00,0.00,0.00,0.00,0.00,0.00,0.00,0.00,0.00,0.00,0.00,0.00,0.00,0.00,"32,656.67",GRADO  II            ,"165,460.65",0.00,0.00,0.00,0.00,0.00,"66,292.00",0.00,0.00,30.00,9.00,0.00,0.00,0.00,0.00,0.00,0.00,0.00,0.00,0.00,"65,313.35",0.00,0.00,0.00,0.00,0.00,0.00,0.00,"16,023.88",0.00,"6,601.88",0.00,0.00,0.00,0.00,"8,392.31",0.00,0.00,0.00,0.00,0.00,0.00,0.00,0.00,0.00,0.00,"43,542.23",0.00,0.00,0.00,0.00,0.00,0.00,0.00,0.00,"6,000.00",0.00,0.00,900.00,0.00,0.00,"36,926.18","15,106.17",0.00,0.00,0.00,0.00,0.00,0.00,0.00,0.00,"48,750.00",0.00,0.00,0.00,0.00,0.00,0.00,0.00,0.00,0.00,0.00,0.00,0.00,"34,139.93",0.00,"15,106.17","50,598.11",0.00,"10,642.00",0.00,0.00,0.00,0.00,0.00,0.00,0.00,0.00,0.00,0.00,0.00,0.00,0.00,0.00,"108,855.57",0.00,"96,677.42",NIVEL c                ,0.00,0.00,0.00,0.00,0.00,0.00,0.00,0.00,2,Permanente Interino,DIRECCION DE AERONAUTICA                                                                                                                              ,ADMINISTRATIVO - NIVEL c,No Asistenciales,01/04/2026,01/04/2026,2,30/11/1991,01/01/2026,1503/SPS/2025,PASE A PLANTA INTERINA.-                                                                                                                                                                                ,NULL,NULL,NULL,36435743,19,PERSONAL DE PLANTA AERONAUTICA,M     ,01/01/2026,01/11/2023,NIVEL TERCIARIO                                             ,TERCIARIO                     ,Terciario                     ,1298604,DE    ,A27,0.00,0.00,0.00,0.00,0.00,0.00,0.00,0.00,0.00,0.00,0.00,0.00,0.00,0.00,0.00,0.00,0.00,0.00,0.00,0.00,0.00,0.00,0.00,0.00,0.00,0.00,0.00,0.00,0.00,0.00,0.00,0.00,0.00,0.00,0.00,0.00,0.00,0.00,0.00,0.00,0.00,0.00,0.00,0.00,"2,177.11",0.00,0.00,"217,711.14",0.00,"28,304.53",0.00,0.00,0.00,0.00,"76,196.01",SinDatos,0.00,RECIBO OK,0.00,0.00,0.00,0.00,0.00,0.00,0.00,0.00,0.00,0.00,0.00,0.00,0.00,0.00,0.00,0.00,0.00,0.00,0.00,0.00,0.00,0.00,0.00,0.00,0.00,0.00,0.00,0.00,0.00,0.00,0.00,0.00,0.00,0.00,0.00,0.00,0.00,0.00,0.00,0.00,0.00,0.00,0.00,0.00,0.00,0.00,0.00,0.00,0.00,0.00,"169,488.23",0.00,0.00,0.00,0.00,0.00,0.00,0.00,0.00,0.00,0.00,0.00,0.00,0.00,0.00,0.00,0.00,0.00,0.00,0.00,0.00,0.00,0.00,0.00,0.00,0.00,0.00,0.00,0.00,0.00,0.00,0.00,0.00
NIVEL d                                                     ,HEREDIA VICTOR ANDRES,20203667370,20366737,"2,775,347.54","302,636.21",0.00,"3,077,983.75","-567,286.34","-17,542.00","2,493,155.41","500,298.00",0.00,0.00,0.00,"3,578,281.75","3,578,281.75","2,493,155.41","180,802.80","50,624.84",0.00,0.00,0.00,0.00,0.00,0.00,0.00,0.00,0.00,0.00,0.00,0.00,0.00,0.00,0.00,0.00,0.00,0.00,0.00,0.00,0.00,0.00,0.00,0.00,0.00,0.00,0.00,0.00,0.00,0.00,0.00,0.00,0.00,0.00,0.00,0.00,0.00,0.00,0.00,0.00,0.00,0.00,0.00,0.00,0.00,0.00,0.00,0.00,0.00,0.00,0.00,0.00,"54,240.84",GRADO  III          ,0.00,"121,138.01",0.00,0.00,0.00,0.00,"82,542.00",0.00,0.00,30.00,14.00,0.00,0.00,0.00,0.00,0.00,0.00,0.00,0.00,"36,160.56",0.00,0.00,0.00,0.00,0.00,0.00,0.00,0.00,"16,023.88",0.00,0.00,"6,962.34",0.00,0.00,0.00,0.00,0.00,0.00,0.00,0.00,0.00,0.00,0.00,0.00,0.00,0.00,"36,160.56",0.00,0.00,0.00,0.00,0.00,0.00,0.00,0.00,"6,000.00",0.00,0.00,900.00,0.00,0.00,"305,288.23","196,998.11",0.00,0.00,0.00,0.00,0.00,0.00,0.00,0.00,"65,000.00",0.00,0.00,0.00,0.00,0.00,0.00,0.00,0.00,0.00,0.00,0.00,0.00,"282,252.84",0.00,"124,890.64","93,154.52",0.00,"10,642.00",0.00,0.00,0.00,0.00,0.00,0.00,0.00,0.00,0.00,0.00,0.00,0.00,0.00,0.00,0.00,0.00,0.00,0.00,"96,677.42",NIVEL d                ,"299,020.15",0.00,0.00,0.00,0.00,0.00,2,Permanente Interino,DIRECCION DE AERONAUTICA                                                                                                                              ,PILOTO - NIVEL d                            ,No Asistenciales,01/04/2026,01/04/2026,1,17/06/1968,01/11/2023,.,NULL,NULL,NULL,NULL,20366737,26,PERSONAL DE PLANTA AERONAUTICA,M     ,01/11/2023,23/11/2023,PERITO MERCANTIL,SECUNDARIO                    ,Secundario                    ,1298604,DE    ,A27,0.00,0.00,0.00,0.00,0.00,0.00,0.00,0.00,0.00,0.00,0.00,0.00,0.00,0.00,0.00,0.00,0.00,0.00,0.00,0.00,0.00,0.00,0.00,0.00,0.00,0.00,0.00,0.00,0.00,0.00,0.00,0.00,0.00,0.00,0.00,0.00,0.00,0.00,0.00,0.00,0.00,0.00,0.00,0.00,"3,616.06",0.00,0.00,0.00,"180,802.80",0.00,"22,202.96",0.00,0.00,0.00,0.00,SinDatos,0.00,RECIBO OK,0.00,0.00,0.00,0.00,"111,272.70",0.00,0.00,0.00,0.00,0.00,0.00,0.00,0.00,0.00,0.00,0.00,0.00,0.00,0.00,0.00,0.00,0.00,0.00,0.00,0.00,0.00,0.00,0.00,0.00,0.00,0.00,0.00,0.00,0.00,0.00,0.00,0.00,0.00,0.00,0.00,0.00,0.00,0.00,0.00,0.00,0.00,0.00,0.00,0.00,0.00,0.00,"169,488.23",0.00,0.00,0.00,0.00,0.00,0.00,0.00,0.00,0.00,0.00,0.00,0.00,0.00,0.00,0.00,0.00,0.00,0.00,0.00,0.00,0.00,"90,401.40",0.00,0.00,0.00,0.00,0.00,0.00,0.00,0.00,0.00
NIVEL d                                                     ,HERRERA GUILLERMO ALEJANDRO,23377259939,37725993,"297,092.91","2,403,320.66",0.00,"2,700,413.57","-111,049.40","-17,542.00","2,571,822.17","127,177.55","58,886.76",0.00,"58,886.76","2,886,477.88","2,886,477.88","2,630,708.93","180,802.80","43,392.74",0.00,0.00,0.00,0.00,0.00,0.00,0.00,0.00,0.00,0.00,0.00,0.00,0.00,0.00,0.00,0.00,0.00,0.00,0.00,0.00,0.00,0.00,0.00,0.00,0.00,0.00,0.00,0.00,0.00,0.00,0.00,0.00,0.00,0.00,0.00,0.00,0.00,0.00,0.00,0.00,0.00,0.00,0.00,0.00,0.00,0.00,0.00,0.00,0.00,0.00,0.00,0.00,"54,240.84",GRADO  III          ,"121,138.01",0.00,0.00,0.00,0.00,0.00,"82,542.00",0.00,0.00,30.00,12.00,0.00,0.00,0.00,0.00,0.00,0.00,0.00,0.00,"36,160.56",0.00,0.00,0.00,0.00,0.00,0.00,0.00,0.00,"16,023.88",0.00,"5,332.88",0.00,0.00,0.00,0.00,0.00,0.00,0.00,0.00,0.00,0.00,0.00,0.00,0.00,0.00,0.00,"36,160.56",0.00,0.00,0.00,0.00,0.00,0.00,0.00,0.00,"6,000.00",0.00,0.00,900.00,0.00,0.00,"32,680.22","13,369.18",0.00,0.00,0.00,0.00,0.00,0.00,0.00,0.00,"65,000.00",0.00,0.00,0.00,0.00,0.00,0.00,0.00,0.00,0.00,0.00,0.00,0.00,"30,214.35",0.00,"13,369.18","83,594.02",0.00,"10,642.00",0.00,0.00,0.00,0.00,0.00,0.00,0.00,0.00,0.00,0.00,0.00,0.00,0.00,0.00,"90,401.40",0.00,"96,677.42",NIVEL d                ,0.00,0.00,0.00,0.00,0.00,0.00,0.00,0.00,2,Permanente Interino,DIRECCION DE AERONAUTICA                                                                                                                              ,PILOTO - NIVEL d                            ,No Asistenciales,01/04/2026,01/04/2026,2,04/12/1993,01/08/2024,1382/SEAC 07/24,POR RES. N°1382/SEAC DEL 22/07/2024 PASA A CUMPLIR FUNCIONES DE PILOTO# A PARTIR DEL DIA SIG AL DE NOTIF.(NOTIF 23/07/24).-                                                                             ,NULL,NULL,NULL,37725993,14,PERSONAL DE PLANTA AERONAUTICA,M     ,01/08/2024,24/11/2023,SECUNDARIO                                                  ,SECUNDARIO                    ,Secundario                    ,1298604,DE    ,A27,0.00,0.00,0.00,0.00,0.00,0.00,0.00,0.00,0.00,0.00,0.00,0.00,0.00,0.00,0.00,0.00,0.00,0.00,0.00,0.00,0.00,0.00,0.00,0.00,0.00,0.00,0.00,0.00,0.00,0.00,0.00,0.00,0.00,0.00,0.00,0.00,0.00,0.00,0.00,0.00,0.00,0.00,0.00,0.00,"3,616.06",0.00,0.00,"180,802.80",0.00,"22,202.96",0.00,0.00,0.00,0.00,"111,272.70",SinDatos,0.00,RECIBO OK,0.00,0.00,0.00,0.00,0.00,0.00,0.00,0.00,0.00,0.00,0.00,0.00,0.00,0.00,0.00,0.00,0.00,0.00,0.00,0.00,0.00,0.00,0.00,0.00,0.00,0.00,0.00,0.00,0.00,0.00,0.00,0.00,0.00,0.00,0.00,0.00,0.00,0.00,0.00,0.00,0.00,0.00,0.00,0.00,0.00,0.00,0.00,0.00,0.00,0.00,"169,488.23",0.00,0.00,0.00,0.00,0.00,0.00,0.00,0.00,0.00,0.00,0.00,0.00,0.00,0.00,0.00,0.00,0.00,0.00,0.00,0.00,0.00,0.00,0.00,0.00,0.00,0.00,0.00,0.00,0.00,0.00,0.00,0.00
NIVEL d                                                     ,JUAREZ MARIA ELIZABETH,27280387407,28038740,"447,936.75","1,688,073.01","83,200.00","2,219,209.76","-118,180.19","-17,542.00","2,083,487.57","133,271.19","88,785.49",0.00,"88,785.49","2,441,266.44","2,441,266.44","2,172,273.06","180,802.80","94,017.60","81,361.26",45.00,0.00,0.00,0.00,0.00,0.00,0.00,0.00,0.00,0.00,0.00,0.00,0.00,0.00,0.00,0.00,0.00,0.00,0.00,0.00,0.00,0.00,0.00,0.00,0.00,0.00,0.00,0.00,0.00,0.00,0.00,0.00,0.00,0.00,0.00,0.00,0.00,0.00,0.00,0.00,0.00,0.00,0.00,0.00,0.00,0.00,0.00,0.00,0.00,0.00,0.00,"108,481.68",GRADO  VI            ,"167,242.78",0.00,0.00,0.00,0.00,0.00,"66,292.00",0.00,0.00,30.00,26.00,0.00,0.00,0.00,0.00,0.00,0.00,0.00,0.00,"36,160.56",0.00,0.00,0.00,0.00,0.00,0.00,0.00,0.00,"16,023.88",0.00,"5,332.88",0.00,0.00,0.00,0.00,0.00,0.00,0.00,0.00,0.00,0.00,0.00,0.00,0.00,0.00,0.00,"36,160.56",0.00,0.00,0.00,0.00,0.00,0.00,0.00,0.00,"6,000.00",0.00,0.00,900.00,0.00,0.00,"49,273.04","20,157.15",0.00,0.00,0.00,0.00,0.00,0.00,0.00,0.00,"48,750.00",0.00,0.00,0.00,0.00,0.00,0.00,0.00,0.00,0.00,0.00,0.00,0.00,"45,555.17",0.00,"20,157.15","67,558.87",0.00,"10,642.00",0.00,0.00,0.00,0.00,0.00,0.00,0.00,0.00,0.00,0.00,0.00,0.00,0.00,0.00,"90,401.40",0.00,"96,677.42",NIVEL d                ,0.00,0.00,0.00,0.00,0.00,0.00,0.00,0.00,1,Permanente Titular,DIRECCION DE AERONAUTICA                                                                                                                              ,SUPERVISOR - NIVEL d,No Asistenciales,01/04/2026,01/04/2026,2,11/07/1980,01/03/2024,296/SEAC -24,POR RES. N°296/SEAC DEL 21/02/24 ASIGNAR LAS FUNCIONES DE SUPERVISORA CON EL 45%. FJ.-                                                                                                                  ,NULL,NULL,NULL,28038740,20,PERSONAL DE PLANTA AERONAUTICA,F     ,01/03/2024,24/11/2023,BACHILLER,SECUNDARIO                    ,Secundario                    ,1298604,DE    ,A27,0.00,0.00,0.00,0.00,0.00,0.00,0.00,0.00,0.00,0.00,0.00,0.00,0.00,0.00,0.00,0.00,0.00,0.00,0.00,0.00,0.00,0.00,0.00,0.00,0.00,0.00,0.00,0.00,0.00,0.00,0.00,0.00,0.00,0.00,0.00,0.00,0.00,0.00,0.00,0.00,0.00,0.00,0.00,0.00,"9,040.14",0.00,0.00,"180,802.80",0.00,"22,202.96",0.00,0.00,0.00,0.00,"111,272.70",SinDatos,0.00,RECIBO OK,0.00,0.00,0.00,0.00,0.00,0.00,0.00,0.00,0.00,0.00,"667,497.95",0.00,0.00,0.00,0.00,0.00,0.00,0.00,0.00,0.00,0.00,0.00,0.00,0.00,0.00,0.00,0.00,0.00,0.00,0.00,0.00,0.00,0.00,0.00,0.00,0.00,0.00,0.00,0.00,0.00,0.00,0.00,0.00,0.00,0.00,0.00,0.00,0.00,0.00,0.00,"169,488.23",0.00,0.00,0.00,0.00,0.00,0.00,0.00,"168,113.75",0.00,0.00,0.00,0.00,0.00,0.00,0.00,0.00,0.00,0.00,0.00,0.00,0.00,0.00,0.00,0.00,0.00,0.00,0.00,0.00,0.00,0.00,0.00,0.00
NIVEL c                                                     ,LABRADOR LAGARES HORACIO,20125466614,12546661,"5,512,847.78","466,817.77","5,600.00","5,985,265.55","-773,059.43","-223,981.09","4,988,225.03","928,864.93",0.00,0.00,0.00,"6,914,130.48","6,914,130.48","4,988,225.03","267,064.70","133,532.25","240,358.23",90.00,0.00,0.00,0.00,0.00,"1,334,995.90",0.00,0.00,0.00,0.00,0.00,0.00,0.00,0.00,0.00,0.00,0.00,0.00,0.00,0.00,0.00,0.00,0.00,0.00,0.00,0.00,0.00,0.00,0.00,0.00,0.00,0.00,0.00,0.00,0.00,0.00,0.00,0.00,0.00,0.00,0.00,0.00,0.00,0.00,0.00,0.00,0.00,0.00,0.00,0.00,0.00,"160,238.82",GRADO  VI            ,0.00,0.00,0.00,0.00,0.00,"202,839.09","86,142.00",0.00,0.00,30.00,25.00,0.00,0.00,0.00,0.00,0.00,0.00,0.00,0.00,0.00,"80,119.41",0.00,0.00,0.00,0.00,0.00,0.00,0.00,0.00,0.00,0.00,"8,464.12",0.00,0.00,0.00,0.00,0.00,0.00,0.00,0.00,0.00,0.00,0.00,0.00,0.00,0.00,"53,412.94",0.00,0.00,0.00,0.00,0.00,0.00,0.00,0.00,"6,000.00","3,600.00",0.00,900.00,0.00,0.00,"453,464.53","254,594.90",0.00,0.00,0.00,0.00,0.00,0.00,0.00,0.00,"65,000.00",0.00,0.00,0.00,0.00,0.00,0.00,0.00,0.00,0.00,0.00,0.00,0.00,"560,656.62",0.00,"188,003.33","180,204.98",0.00,"10,642.00",0.00,0.00,0.00,0.00,0.00,0.00,0.00,0.00,0.00,0.00,0.00,0.00,0.00,0.00,0.00,0.00,0.00,0.00,"96,677.42",NIVEL c                ,"453,464.53",0.00,0.00,0.00,0.00,0.00,2,Permanente Interino,DIRECCION DE AERONAUTICA                                                                                                                              ,SUBDIRECTOR DE OPERACIONES AERONAUTICAS - NIVEL c,No Asistenciales,01/04/2026,01/04/2026,2,09/10/1958,01/12/2023,9688,NULL,NULL,NULL,NULL,12546661,33,PERSONAL DE PLANTA AERONAUTICA,M     ,01/12/2023,16/11/2023,SECUNDARIO                                                  ,SECUNDARIO                    ,Secundario                    ,1298604,DE    ,A27,0.00,0.00,0.00,0.00,0.00,0.00,0.00,0.00,0.00,0.00,0.00,0.00,0.00,0.00,0.00,0.00,0.00,0.00,0.00,0.00,0.00,0.00,0.00,0.00,0.00,0.00,0.00,0.00,0.00,0.00,0.00,0.00,0.00,0.00,0.00,0.00,0.00,0.00,0.00,0.00,0.00,0.00,0.00,0.00,"13,353.24",0.00,0.00,0.00,"267,064.70",0.00,"28,304.53",0.00,0.00,0.00,0.00,SinDatos,0.00,RECIBO OK,0.00,0.00,0.00,0.00,"76,196.01",0.00,0.00,0.00,0.00,0.00,0.00,0.00,0.00,0.00,0.00,0.00,0.00,0.00,0.00,0.00,0.00,0.00,0.00,0.00,0.00,0.00,0.00,0.00,0.00,0.00,0.00,0.00,0.00,0.00,0.00,0.00,0.00,0.00,0.00,0.00,0.00,0.00,0.00,0.00,0.00,0.00,0.00,0.00,0.00,0.00,0.00,"169,488.23",0.00,0.00,0.00,0.00,0.00,"336,227.49",0.00,0.00,0.00,0.00,0.00,0.00,0.00,0.00,0.00,0.00,0.00,0.00,0.00,0.00,"311,130.72","133,532.35",0.00,0.00,0.00,0.00,0.00,0.00,0.00,0.00,0.00
NIVEL a2.                                          ,LECCESE ALDO EFRAIN  ,20216224176,21622417,"6,523,747.02","485,074.12",0.00,"7,008,821.14","-808,273.92","-526,811.95","5,673,735.27","1,101,363.53",0.00,0.00,0.00,"8,110,184.67","8,110,184.67","5,673,735.27","384,573.17","210,241.44","389,335.78",100.00,0.00,0.00,0.00,0.00,"1,483,328.77",0.00,0.00,0.00,0.00,0.00,0.00,0.00,0.00,0.00,0.00,0.00,0.00,0.00,0.00,0.00,0.00,0.00,0.00,0.00,0.00,0.00,0.00,0.00,0.00,0.00,0.00,0.00,0.00,0.00,0.00,0.00,0.00,0.00,0.00,0.00,0.00,0.00,0.00,0.00,0.00,0.00,0.00,0.00,0.00,0.00,"272,535.04",GRADO  VII          ,0.00,0.00,0.00,0.00,0.00,"509,269.95","82,542.00",0.00,0.00,30.00,27.00,0.00,0.00,0.00,0.00,0.00,0.00,0.00,0.00,0.00,0.00,0.00,"194,667.89",0.00,0.00,0.00,0.00,0.00,0.00,0.00,0.00,"10,472.12",0.00,0.00,0.00,0.00,0.00,0.00,0.00,0.00,0.00,0.00,0.00,0.00,0.00,0.00,"77,867.16",0.00,0.00,0.00,0.00,0.00,0.00,0.00,0.00,"6,000.00",0.00,0.00,900.00,0.00,0.00,"451,544.68","291,729.24",0.00,0.00,0.00,0.00,0.00,0.00,0.00,0.00,"65,000.00",0.00,0.00,0.00,0.00,0.00,0.00,0.00,0.00,0.00,0.00,0.00,0.00,"663,465.07",0.00,"226,818.82","211,079.64",0.00,"10,642.00",0.00,0.00,0.00,0.00,"10,169.29",0.00,0.00,0.00,0.00,0.00,0.00,0.00,0.00,0.00,0.00,0.00,0.00,0.00,"102,552.84","NIVEL a2,            ","451,544.68",0.00,0.00,0.00,0.00,0.00,2,Permanente Interino,DIRECCION DE AERONAUTICA                                                                                                                              ,DIRECTOR GENERAL-Niv A2,No Asistenciales,01/04/2026,01/04/2026,2,05/01/1971,01/12/2023,9688,NULL,NULL,NULL,NULL,21622417,29,PERSONAL DE PLANTA AERONAUTICA,M     ,01/12/2023,22/11/2023,ABOGADO,ABOGADO                       ,Universitario 5 años          ,1298604,DE    ,A27,0.00,0.00,0.00,0.00,0.00,0.00,0.00,0.00,0.00,0.00,0.00,0.00,0.00,0.00,0.00,0.00,0.00,0.00,0.00,0.00,0.00,0.00,0.00,0.00,0.00,0.00,0.00,0.00,0.00,0.00,0.00,0.00,0.00,0.00,0.00,0.00,0.00,0.00,0.00,0.00,0.00,0.00,0.00,0.00,"23,360.15",0.00,"4,762.61",0.00,"389,335.78",0.00,"45,083.87",0.00,0.00,0.00,0.00,SinDatos,0.00,RECIBO OK,0.00,0.00,0.00,0.00,0.00,0.00,0.00,0.00,0.00,0.00,0.00,0.00,0.00,0.00,0.00,0.00,0.00,0.00,0.00,0.00,0.00,0.00,0.00,0.00,0.00,0.00,0.00,0.00,0.00,0.00,0.00,0.00,0.00,0.00,0.00,0.00,0.00,0.00,0.00,0.00,0.00,0.00,0.00,0.00,0.00,0.00,0.00,0.00,0.00,0.00,0.00,"169,488.23",0.00,0.00,0.00,0.00,0.00,"373,586.10",0.00,0.00,0.00,0.00,0.00,0.00,0.00,0.00,0.00,0.00,0.00,0.00,0.00,0.00,"405,208.37","194,667.89",0.00,0.00,0.00,0.00,0.00,0.00,0.00,0.00,0.00
NIVEL d                                                     ,MACHADO SANTIAGO EXEQUIEL,20396985528,39698552,"214,617.78","921,770.92","80,000.00","1,216,388.70","-65,765.76","-16,464.00","1,134,158.94","67,667.28","42,539.36",0.00,"42,539.36","1,326,595.34","1,326,595.34","1,176,698.30","177,811.68",0.00,0.00,0.00,0.00,0.00,0.00,0.00,0.00,0.00,0.00,0.00,0.00,0.00,0.00,0.00,0.00,0.00,0.00,0.00,0.00,0.00,0.00,0.00,0.00,0.00,0.00,0.00,0.00,0.00,0.00,0.00,0.00,0.00,0.00,0.00,0.00,0.00,0.00,0.00,0.00,0.00,0.00,0.00,0.00,0.00,0.00,0.00,0.00,0.00,0.00,0.00,0.00,0.00,0.00,0.00,"129,532.41",0.00,0.00,0.00,0.00,0.00,"48,964.00",0.00,0.00,30.00,0.00,0.00,0.00,0.00,0.00,0.00,0.00,0.00,0.00,"35,562.33",0.00,0.00,0.00,0.00,0.00,0.00,0.00,0.00,"16,023.88",0.00,"5,332.88",0.00,0.00,0.00,0.00,0.00,0.00,0.00,0.00,0.00,0.00,0.00,0.00,0.00,0.00,0.00,"35,562.33",0.00,0.00,0.00,0.00,0.00,0.00,0.00,0.00,"6,000.00",0.00,0.00,900.00,0.00,0.00,"23,607.96","9,657.80",0.00,0.00,0.00,0.00,0.00,0.00,0.00,0.00,"32,500.00",0.00,0.00,0.00,0.00,0.00,0.00,0.00,0.00,0.00,0.00,0.00,0.00,"21,826.63",0.00,"9,657.80","36,182.85",0.00,"9,564.00",0.00,0.00,0.00,0.00,0.00,0.00,0.00,0.00,0.00,0.00,0.00,0.00,0.00,0.00,"88,905.84",0.00,"96,677.42",NIVEL d                ,0.00,0.00,0.00,0.00,0.00,0.00,0.00,0.00,6,Reemplazante no permanente,DIRECCION DE AERONAUTICA                                                                                                                              ,ADMINISTRATIVO - NIVEL d,No Asistenciales,01/03/2026,01/04/2026,4,02/07/1996,01/03/2026,RESUMEN MENSUAL,NULL,31/03/2026,CP,NULL,39698552,11,PERSONAL DE PLANTA AERONAUTICA,M     ,01/03/2026,24/04/2007,EGB II - 6to GRADO,PRIMARIO                      ,Primario                      ,1298604,DE    ,A27,0.00,0.00,0.00,0.00,0.00,0.00,0.00,0.00,0.00,0.00,0.00,0.00,0.00,0.00,0.00,0.00,0.00,0.00,0.00,0.00,0.00,0.00,0.00,0.00,0.00,0.00,0.00,0.00,0.00,0.00,0.00,0.00,0.00,0.00,0.00,0.00,0.00,0.00,0.00,0.00,0.00,0.00,0.00,0.00,0.00,0.00,0.00,"177,811.68",0.00,"24,867.31",0.00,0.00,0.00,"117,882.45","111,272.70",SinDatos,0.00,RECIBO OK,0.00,0.00,0.00,0.00,0.00,0.00,0.00,0.00,0.00,0.00,0.00,0.00,0.00,0.00,0.00,0.00,0.00,0.00,0.00,0.00,0.00,0.00,0.00,0.00,0.00,0.00,0.00,0.00,0.00,0.00,0.00,0.00,0.00,0.00,0.00,0.00,0.00,0.00,0.00,0.00,0.00,0.00,0.00,0.00,0.00,0.00,0.00,0.00,0.00,0.00,"169,488.23",0.00,0.00,0.00,0.00,0.00,0.00,0.00,0.00,0.00,0.00,0.00,0.00,0.00,0.00,0.00,0.00,0.00,0.00,0.00,0.00,0.00,0.00,0.00,0.00,0.00,0.00,0.00,0.00,0.00,0.00,0.00,0.00
NIVEL d                                                     ,MEDINA ERNESTO FABIAN,20213387953,21338795,"1,292,906.42","146,153.94","162,720.00","1,601,780.36","-258,764.83","-50,114.66","1,292,900.87","233,656.19",0.00,0.00,0.00,"1,835,436.55","1,835,436.55","1,292,900.87","180,802.80","32,544.54",0.00,0.00,0.00,0.00,0.00,0.00,0.00,0.00,0.00,0.00,0.00,0.00,0.00,0.00,0.00,0.00,0.00,0.00,0.00,0.00,0.00,0.00,0.00,0.00,0.00,0.00,0.00,0.00,0.00,0.00,0.00,0.00,0.00,0.00,0.00,0.00,0.00,0.00,0.00,0.00,0.00,0.00,0.00,0.00,0.00,0.00,0.00,0.00,0.00,0.00,0.00,0.00,"27,120.42",GRADO  II            ,0.00,"108,794.61",0.00,0.00,0.00,0.00,"66,292.00",0.00,0.00,30.00,9.00,0.00,0.00,0.00,0.00,0.00,0.00,0.00,0.00,0.00,0.00,0.00,0.00,0.00,0.00,0.00,0.00,0.00,"16,023.88",0.00,0.00,"6,962.34",0.00,0.00,0.00,"32,322.66",0.00,0.00,0.00,0.00,0.00,0.00,0.00,0.00,0.00,0.00,"36,160.56",0.00,0.00,0.00,0.00,0.00,0.00,0.00,0.00,"6,000.00",0.00,0.00,900.00,0.00,0.00,"142,219.71","67,795.12",0.00,0.00,0.00,0.00,0.00,0.00,0.00,0.00,"48,750.00",0.00,0.00,0.00,0.00,0.00,0.00,0.00,0.00,0.00,0.00,0.00,0.00,"131,488.58",0.00,"58,180.79","43,986.82",0.00,"10,642.00",0.00,0.00,0.00,0.00,0.00,0.00,0.00,0.00,0.00,0.00,0.00,0.00,0.00,0.00,0.00,0.00,0.00,0.00,"96,677.42",NIVEL d                ,"144,345.91",0.00,0.00,0.00,0.00,0.00,2,Permanente Interino,DIRECCION DE AERONAUTICA                                                                                                                              ,ADMINISTRATIVO - NIVEL d,No Asistenciales,01/04/2026,01/04/2026,2,12/06/1970,01/01/2026,1503/SPS/2025,PASE A PLANTA INTERINA.-                                                                                                                                                                                ,NULL,NULL,NULL,21338795,1,PERSONAL DE PLANTA AERONAUTICA,M     ,01/01/2026,NULL,NULL,NULL,NULL,1298604,DE    ,A27,0.00,0.00,0.00,0.00,0.00,0.00,0.00,0.00,0.00,0.00,0.00,0.00,0.00,0.00,0.00,0.00,0.00,0.00,0.00,0.00,0.00,0.00,0.00,0.00,0.00,0.00,0.00,0.00,0.00,0.00,0.00,0.00,0.00,0.00,0.00,0.00,0.00,0.00,0.00,0.00,0.00,0.00,0.00,0.00,"1,808.03",0.00,0.00,0.00,"180,802.80",0.00,"22,202.96",0.00,0.00,0.00,0.00,SinDatos,0.00,RECIBO OK,0.00,0.00,0.00,0.00,"111,272.70",0.00,0.00,0.00,0.00,0.00,0.00,0.00,0.00,0.00,0.00,0.00,0.00,0.00,0.00,0.00,0.00,0.00,0.00,0.00,0.00,0.00,0.00,0.00,0.00,0.00,0.00,0.00,0.00,0.00,0.00,0.00,0.00,0.00,0.00,0.00,0.00,0.00,0.00,0.00,0.00,0.00,0.00,0.00,0.00,0.00,0.00,"169,488.23",0.00,0.00,0.00,0.00,0.00,0.00,0.00,0.00,0.00,0.00,0.00,0.00,0.00,0.00,0.00,0.00,0.00,0.00,0.00,0.00,0.00,"90,401.40",0.00,0.00,0.00,0.00,0.00,0.00,0.00,0.00,0.00
NIVEL d                                                     ,MEDINA ESTEBAN ALEJANDRO,20182159671,18215967,"2,794,838.23","325,902.56",0.00,"3,120,740.79","-478,952.95","-87,412.96","2,554,374.88","463,560.78",0.00,0.00,0.00,"3,584,301.57","3,584,301.57","2,554,374.88","180,802.80","36,160.60",0.00,0.00,0.00,0.00,0.00,"908,427.10",0.00,0.00,0.00,0.00,0.00,0.00,0.00,0.00,0.00,0.00,0.00,0.00,0.00,0.00,0.00,0.00,0.00,0.00,0.00,0.00,0.00,0.00,0.00,0.00,0.00,0.00,0.00,0.00,0.00,0.00,0.00,0.00,0.00,0.00,0.00,0.00,0.00,0.00,0.00,0.00,0.00,0.00,0.00,0.00,0.00,0.00,0.00,0.00,0.00,"121,138.01",0.00,0.00,0.00,0.00,"82,542.00",0.00,0.00,30.00,10.00,0.00,0.00,0.00,0.00,0.00,0.00,0.00,0.00,"36,160.56",0.00,0.00,0.00,0.00,0.00,0.00,0.00,0.00,"16,023.88",0.00,0.00,"6,962.34",0.00,0.00,0.00,"69,870.96",0.00,0.00,0.00,0.00,0.00,0.00,0.00,0.00,0.00,0.00,"36,160.56",0.00,0.00,0.00,0.00,0.00,0.00,0.00,0.00,"6,000.00",0.00,0.00,900.00,0.00,0.00,"307,432.21","106,520.74",0.00,0.00,0.00,0.00,0.00,0.00,0.00,0.00,"65,000.00",0.00,0.00,0.00,0.00,0.00,0.00,0.00,0.00,0.00,0.00,0.00,0.00,"284,235.05",0.00,"84,888.50","94,437.23",0.00,"10,642.00",0.00,0.00,0.00,0.00,0.00,0.00,0.00,0.00,0.00,0.00,0.00,0.00,0.00,0.00,0.00,0.00,0.00,0.00,"96,677.42",NIVEL d                ,"322,286.50",0.00,0.00,0.00,0.00,0.00,2,Permanente Interino,DIRECCION DE AERONAUTICA                                                                                                                              ,ADMINISTRATIVO - NIVEL d,No Asistenciales,01/04/2026,01/04/2026,3,12/11/1965,01/01/2026,1503/SPS/2025,PASE A PLANTA INTERINA.-                                                                                                                                                                                ,NULL,NULL,NULL,18215967,4,PERSONAL DE PLANTA AERONAUTICA,M     ,01/01/2026,24/11/2023,BACHILLER,SECUNDARIO                    ,Secundario                    ,1298604,DE    ,A27,0.00,0.00,0.00,0.00,0.00,0.00,0.00,0.00,0.00,0.00,0.00,0.00,0.00,0.00,0.00,0.00,0.00,0.00,0.00,0.00,0.00,0.00,0.00,0.00,0.00,0.00,0.00,0.00,0.00,0.00,0.00,0.00,0.00,0.00,0.00,0.00,0.00,0.00,0.00,0.00,0.00,0.00,0.00,0.00,"3,616.06",0.00,0.00,0.00,"180,802.80",0.00,"22,202.96",0.00,0.00,0.00,0.00,SinDatos,0.00,RECIBO OK,0.00,0.00,0.00,0.00,"111,272.70",0.00,0.00,0.00,0.00,0.00,0.00,0.00,0.00,0.00,0.00,0.00,0.00,0.00,0.00,0.00,0.00,0.00,0.00,0.00,0.00,0.00,0.00,0.00,0.00,0.00,0.00,0.00,0.00,0.00,0.00,0.00,0.00,0.00,0.00,0.00,0.00,0.00,0.00,0.00,0.00,0.00,0.00,0.00,0.00,0.00,0.00,"169,488.23",0.00,0.00,0.00,0.00,0.00,0.00,0.00,0.00,0.00,0.00,0.00,0.00,0.00,0.00,0.00,0.00,0.00,0.00,0.00,0.00,0.00,"90,401.40",0.00,0.00,0.00,0.00,0.00,0.00,0.00,0.00,0.00
NIVEL d                                                     ,MORALES MARCELO NOE  ,20395758919,39575891,"269,267.35","2,508,055.84",0.00,"2,777,323.19","-106,736.44","-24,273.68","2,646,313.07","125,237.37","53,371.46",0.00,"53,371.46","2,955,932.02","2,955,932.02","2,699,684.53","180,802.80","36,160.62",0.00,0.00,0.00,0.00,0.00,0.00,0.00,0.00,0.00,0.00,0.00,0.00,0.00,0.00,0.00,0.00,0.00,0.00,0.00,0.00,0.00,0.00,0.00,0.00,0.00,0.00,0.00,0.00,0.00,0.00,0.00,0.00,0.00,0.00,0.00,0.00,0.00,0.00,0.00,0.00,0.00,0.00,0.00,0.00,0.00,0.00,0.00,0.00,0.00,0.00,0.00,0.00,"27,120.42",GRADO  II            ,"121,138.01",0.00,0.00,0.00,0.00,0.00,"82,542.00",0.00,0.00,30.00,10.00,0.00,0.00,0.00,0.00,0.00,0.00,0.00,0.00,"36,160.56",0.00,0.00,0.00,0.00,0.00,0.00,0.00,0.00,"16,023.88",0.00,"5,332.88",0.00,0.00,0.00,0.00,"6,731.68",0.00,0.00,0.00,0.00,0.00,0.00,0.00,0.00,0.00,0.00,"36,160.56",0.00,0.00,0.00,0.00,0.00,0.00,0.00,0.00,"6,000.00",0.00,0.00,900.00,0.00,0.00,"29,619.41","12,117.03",0.00,0.00,0.00,0.00,0.00,0.00,0.00,0.00,"65,000.00",0.00,0.00,0.00,0.00,0.00,0.00,0.00,0.00,0.00,0.00,0.00,0.00,"27,384.49",0.00,"12,117.03","85,735.85",0.00,"10,642.00",0.00,0.00,0.00,0.00,0.00,0.00,0.00,0.00,0.00,0.00,0.00,0.00,0.00,0.00,"90,401.40",0.00,"96,677.42",NIVEL d                ,0.00,0.00,0.00,0.00,0.00,0.00,0.00,0.00,1,Permanente Titular,DIRECCION DE AERONAUTICA                                                                                                                              ,PILOTO - NIVEL d                            ,No Asistenciales,01/04/2026,01/04/2026,36,23/05/1996,01/01/2024,1327/SEAC 12/23,POR RES. N°1274/SEAC DEL 12/12/23 Y POR RES. N°1327/SEAC DEL 19/12/23 REUBICAR LABORALMENTE EN DIR DE AERONAUTICA Y CAMBIAR LA FUNCION A PILOTO DE AVION.-                                              ,NULL,NULL,NULL,39575891,13,PERSONAL DE PLANTA AERONAUTICA,M     ,01/01/2024,13/07/2012,POLIMODAL - 3er AÑO,SECUNDARIO                    ,Polimodal 3º año              ,1298604,DE    ,A27,0.00,0.00,0.00,0.00,0.00,0.00,0.00,0.00,0.00,0.00,0.00,0.00,0.00,0.00,0.00,0.00,0.00,0.00,0.00,0.00,0.00,0.00,0.00,0.00,0.00,0.00,0.00,0.00,0.00,0.00,0.00,0.00,0.00,0.00,0.00,0.00,0.00,0.00,0.00,0.00,0.00,0.00,0.00,0.00,"3,616.06",0.00,0.00,"180,802.80",0.00,"23,571.97",0.00,0.00,0.00,"103,366.17","111,272.70",SinDatos,0.00,RECIBO OK,0.00,0.00,0.00,0.00,0.00,0.00,0.00,0.00,0.00,0.00,0.00,0.00,0.00,0.00,0.00,0.00,0.00,0.00,0.00,0.00,0.00,0.00,0.00,0.00,0.00,0.00,0.00,0.00,0.00,0.00,0.00,0.00,0.00,0.00,0.00,0.00,0.00,0.00,0.00,0.00,0.00,0.00,0.00,0.00,0.00,0.00,0.00,0.00,0.00,0.00,"169,488.23",0.00,0.00,0.00,0.00,0.00,0.00,0.00,0.00,0.00,0.00,0.00,0.00,0.00,0.00,0.00,0.00,0.00,0.00,0.00,0.00,0.00,0.00,0.00,0.00,0.00,0.00,0.00,0.00,0.00,0.00,0.00,0.00
NIVEL d                                                     ,NASCA JOSE LUIS          ,20147166770,14716677,"3,667,087.40","181,370.43","5,600.00","3,854,057.83","-740,512.87","-112,819.19","3,000,725.77","654,230.46",0.00,0.00,0.00,"4,508,288.29","4,508,288.29","3,000,725.77","213,651.76","179,467.68",0.00,0.00,0.00,0.00,0.00,0.00,0.00,0.00,0.00,0.00,0.00,0.00,0.00,0.00,0.00,0.00,0.00,0.00,0.00,0.00,0.00,0.00,0.00,0.00,0.00,0.00,0.00,0.00,0.00,0.00,0.00,0.00,0.00,0.00,0.00,0.00,0.00,0.00,0.00,0.00,0.00,0.00,0.00,0.00,0.00,0.00,0.00,0.00,0.00,0.00,0.00,0.00,"160,238.82",GRADO  VIII        ,0.00,0.00,0.00,0.00,0.00,0.00,"183,642.00",0.00,0.00,30.00,42.00,0.00,0.00,0.00,0.00,0.00,0.00,0.00,0.00,0.00,0.00,0.00,0.00,0.00,0.00,0.00,0.00,0.00,"16,023.88",0.00,0.00,"6,962.34",0.00,0.00,0.00,"91,677.19",0.00,0.00,0.00,0.00,0.00,0.00,0.00,0.00,0.00,0.00,"42,730.35",0.00,0.00,0.00,0.00,0.00,0.00,0.00,0.00,"6,000.00","3,600.00",0.00,900.00,0.00,0.00,"403,379.61","174,633.26","65,000.00",0.00,0.00,0.00,0.00,0.00,0.00,0.00,"65,000.00","32,500.00",0.00,0.00,0.00,0.00,0.00,0.00,0.00,0.00,0.00,0.00,0.00,"372,942.79",0.00,"165,018.93","116,268.74",0.00,"10,642.00",0.00,0.00,0.00,0.00,0.00,0.00,0.00,0.00,0.00,0.00,0.00,0.00,0.00,0.00,0.00,0.00,0.00,0.00,"96,677.42",NIVEL d                ,"166,414.81",0.00,0.00,0.00,0.00,0.00,1,Permanente Titular,DIRECCION DE AERONAUTICA                                                                                                                              ,ADMINISTRATIVO - NIVEL d,No Asistenciales,01/04/2026,01/04/2026,1,21/06/1961,01/11/2023,DAN y U 1/1 -23,DCTO.ACDO.NEC. Y URG. 1/1 DE FECHA 30/11/2023 -ART.10 -RESOL.668/SPS 10/11/23.                                                                                                                          ,NULL,NULL,NULL,14716677,3,PERSONAL DE PLANTA AERONAUTICA,M     ,01/11/2023,NULL,NULL,NULL,NULL,1298604,DE    ,A27,0.00,0.00,0.00,0.00,0.00,0.00,0.00,0.00,0.00,0.00,0.00,0.00,0.00,0.00,0.00,0.00,0.00,0.00,0.00,0.00,0.00,0.00,0.00,0.00,0.00,0.00,0.00,0.00,0.00,0.00,0.00,0.00,0.00,0.00,0.00,0.00,0.00,0.00,0.00,0.00,0.00,0.00,0.00,0.00,"14,955.62",0.00,0.00,0.00,"213,651.76",0.00,"22,202.96",0.00,0.00,0.00,0.00,SinDatos,0.00,RECIBO OK,0.00,0.00,0.00,0.00,"111,272.70",0.00,0.00,0.00,0.00,0.00,0.00,0.00,0.00,0.00,0.00,0.00,0.00,0.00,0.00,0.00,0.00,0.00,0.00,0.00,0.00,0.00,0.00,0.00,0.00,0.00,0.00,0.00,0.00,0.00,0.00,0.00,0.00,0.00,0.00,0.00,0.00,0.00,0.00,0.00,0.00,0.00,0.00,0.00,0.00,0.00,0.00,"169,488.23",0.00,0.00,0.00,0.00,0.00,0.00,0.00,0.00,0.00,0.00,0.00,0.00,0.00,0.00,0.00,0.00,0.00,0.00,0.00,0.00,"201,901.13","106,825.88",0.00,0.00,0.00,0.00,0.00,0.00,0.00,0.00,0.00
NIVEL a3.                                          ,NIEVA MARIO AUGUSTO  ,20124133816,12413381,"1,825,530.80","198,052.93","71,600.00","2,095,183.73","-331,707.28","-63,180.27","1,700,296.18","329,327.89",0.00,0.00,0.00,"2,424,511.62","2,424,511.62","1,700,296.18","317,700.17",0.00,0.00,0.00,0.00,0.00,0.00,0.00,0.00,0.00,0.00,0.00,0.00,0.00,0.00,0.00,0.00,0.00,0.00,0.00,0.00,0.00,0.00,0.00,0.00,0.00,0.00,0.00,0.00,0.00,0.00,0.00,0.00,0.00,0.00,0.00,0.00,0.00,0.00,0.00,0.00,0.00,0.00,0.00,0.00,0.00,0.00,0.00,0.00,0.00,0.00,0.00,0.00,0.00,0.00,0.00,0.00,"338,795.32",0.00,0.00,0.00,0.00,"66,292.00",0.00,0.00,30.00,0.00,0.00,0.00,0.00,0.00,0.00,0.00,0.00,0.00,0.00,0.00,0.00,"161,231.39",0.00,0.00,0.00,0.00,0.00,"16,023.88",0.00,0.00,"10,472.12",0.00,0.00,0.00,"45,638.27",0.00,0.00,0.00,0.00,0.00,0.00,0.00,0.00,0.00,0.00,"64,492.56",0.00,0.00,0.00,0.00,0.00,0.00,0.00,0.00,"6,000.00",0.00,0.00,900.00,0.00,0.00,"200,808.39","82,148.89",0.00,0.00,0.00,0.00,0.00,0.00,0.00,0.00,"48,750.00",0.00,0.00,0.00,0.00,0.00,0.00,0.00,0.00,0.00,0.00,0.00,0.00,"185,656.48",0.00,"82,148.89","61,522.52",0.00,"10,642.00",0.00,0.00,0.00,"38,695.53","10,169.29",0.00,0.00,0.00,0.00,0.00,0.00,0.00,0.00,0.00,0.00,0.00,0.00,0.00,"138,873.64","NIVEL a3,            ","187,883.64",0.00,0.00,0.00,0.00,0.00,6,Reemplazante no permanente,DIRECCION DE AERONAUTICA                                                                                                                              ,MEDICO - Niv A3                              ,Asistenciales                                               ,01/04/2026,01/04/2026,2,16/09/1956,02/11/2023,.,NULL,NULL,NULL,NULL,12413381,21,PERSONAL DE PLANTA AERONAUTICA,M     ,01/02/2024,21/11/2023,MEDICO,MEDICINA                      ,Universitario 5 años          ,1298604,DE    ,A27,0.00,0.00,0.00,0.00,0.00,0.00,0.00,0.00,0.00,0.00,0.00,0.00,0.00,0.00,0.00,0.00,0.00,0.00,0.00,0.00,0.00,0.00,0.00,0.00,0.00,0.00,0.00,0.00,0.00,0.00,0.00,0.00,0.00,0.00,0.00,0.00,0.00,0.00,0.00,0.00,0.00,0.00,0.00,0.00,0.00,0.00,"4,762.61",0.00,"322,462.78",0.00,"53,151.51",0.00,0.00,0.00,0.00,SinDatos,0.00,RECIBO OK,0.00,0.00,0.00,0.00,0.00,0.00,0.00,0.00,0.00,0.00,0.00,0.00,0.00,0.00,0.00,0.00,0.00,0.00,0.00,0.00,0.00,0.00,0.00,0.00,0.00,0.00,0.00,0.00,0.00,0.00,0.00,0.00,0.00,0.00,0.00,0.00,0.00,0.00,0.00,0.00,0.00,0.00,0.00,0.00,0.00,0.00,0.00,0.00,0.00,0.00,0.00,"169,488.23",0.00,0.00,0.00,0.00,0.00,0.00,0.00,0.00,0.00,0.00,0.00,0.00,0.00,0.00,0.00,0.00,0.00,0.00,0.00,0.00,0.00,"161,231.39",0.00,0.00,0.00,0.00,0.00,0.00,0.00,0.00,0.00
NIVEL b2.                                          ,ORTEGA CHAHLA MELISSA MARIA,27343272184,34327218,"129,664.51",0.00,0.00,"129,664.51","-20,098.00",0.00,"109,566.51","23,726.73","25,700.78",0.00,"25,700.78","179,092.02","179,092.02","135,267.29",0.00,0.00,0.00,0.00,0.00,0.00,0.00,0.00,0.00,0.00,0.00,0.00,0.00,0.00,0.00,0.00,0.00,0.00,0.00,0.00,0.00,0.00,0.00,0.00,0.00,0.00,0.00,0.00,0.00,0.00,0.00,0.00,0.00,0.00,0.00,0.00,0.00,0.00,0.00,0.00,0.00,0.00,0.00,0.00,0.00,0.00,0.00,0.00,0.00,0.00,0.00,0.00,0.00,0.00,0.00,0.00,0.00,0.00,0.00,0.00,0.00,0.00,0.00,0.00,0.00,0.00,0.00,0.00,0.00,0.00,0.00,0.00,0.00,0.00,0.00,0.00,0.00,"160,079.64",0.00,0.00,0.00,0.00,0.00,0.00,0.00,0.00,0.00,0.00,0.00,0.00,0.00,0.00,0.00,0.00,0.00,0.00,0.00,0.00,0.00,0.00,0.00,0.00,0.00,0.00,0.00,0.00,0.00,0.00,0.00,0.00,0.00,0.00,0.00,0.00,0.00,0.00,0.00,"14,263.10","5,834.90",0.00,0.00,0.00,0.00,0.00,0.00,0.00,0.00,0.00,0.00,0.00,0.00,0.00,0.00,0.00,0.00,0.00,0.00,0.00,0.00,0.00,"13,186.88",0.00,"5,834.90","4,704.95",0.00,0.00,0.00,0.00,0.00,0.00,0.00,0.00,0.00,0.00,0.00,0.00,0.00,0.00,0.00,0.00,0.00,0.00,0.00,0.00,0.00,0.00,0.00,0.00,0.00,0.00,0.00,0.00,2,Permanente Interino,DIRECCION DE AERONAUTICA                                                                                                                              ,SUBDIRECTOR DE ADMINISTRACION Y DESPACHO- NIVEL B2,No Asistenciales,01/08/2025,01/04/2026,13,22/08/1990,01/04/2025,516/SPS-25,POR RS. N°516/SPS-25 ASIGNAR LAS FUNCIONES DE SUBDIRECTORA DE ADMINISTRACION Y DESPACHO DE LA DIR.PCIAL DE AERONAUTICA. (NOTIF. 28/03/2025)                                                             ,31/12/2025,2026/SEAC/2025,NULL,34327218,16,PERSONAL DE PLANTA AERONAUTICA,F     ,NULL,24/04/2014,BACHILLER,SECUNDARIO                    ,Secundario                    ,1298604,DE    ,A27,0.00,0.00,0.00,0.00,0.00,0.00,0.00,0.00,0.00,0.00,0.00,0.00,0.00,0.00,0.00,0.00,0.00,0.00,0.00,0.00,0.00,0.00,0.00,0.00,0.00,0.00,0.00,0.00,0.00,0.00,0.00,0.00,0.00,0.00,0.00,0.00,0.00,0.00,0.00,0.00,0.00,0.00,0.00,0.00,0.00,0.00,0.00,0.00,0.00,0.00,0.00,0.00,0.00,0.00,0.00,SinDatos,0.00,RECIBO OK,0.00,0.00,0.00,0.00,0.00,0.00,0.00,0.00,0.00,0.00,0.00,0.00,0.00,0.00,0.00,0.00,0.00,0.00,0.00,0.00,0.00,0.00,0.00,0.00,0.00,0.00,0.00,0.00,0.00,0.00,0.00,0.00,0.00,0.00,0.00,0.00,0.00,0.00,0.00,0.00,0.00,0.00,0.00,0.00,0.00,0.00,0.00,0.00,0.00,0.00,0.00,0.00,0.00,0.00,0.00,0.00,0.00,0.00,0.00,0.00,0.00,0.00,0.00,0.00,0.00,0.00,0.00,0.00,0.00,0.00,0.00,0.00,0.00,0.00,0.00,0.00,0.00,0.00,0.00,0.00,0.00,0.00,0.00
NIVEL a1.                                          ,ORTEGA CHAHLA MELISSA MARIA,27343272184,34327218,"789,721.29","2,728,227.33",0.00,"3,517,948.62","-187,406.80","-18,442.00","3,312,099.82","226,901.51","156,530.57",0.00,"156,530.57","3,901,380.70","3,901,380.70","3,468,630.39","305,735.67","74,519.56","279,448.46",90.00,0.00,0.00,0.00,0.00,0.00,0.00,0.00,0.00,0.00,0.00,0.00,0.00,0.00,0.00,0.00,0.00,0.00,0.00,0.00,0.00,0.00,0.00,0.00,0.00,0.00,0.00,0.00,0.00,0.00,0.00,0.00,0.00,0.00,0.00,0.00,0.00,0.00,0.00,0.00,0.00,0.00,0.00,0.00,0.00,0.00,0.00,0.00,0.00,0.00,0.00,"93,149.48",GRADO  III          ,"241,605.70",0.00,0.00,0.00,0.00,0.00,"83,442.00",0.00,0.00,30.00,12.00,0.00,0.00,0.00,0.00,0.00,0.00,0.00,0.00,0.00,0.00,0.00,"155,249.14",0.00,0.00,0.00,0.00,0.00,0.00,0.00,"8,298.63",0.00,0.00,0.00,0.00,0.00,0.00,0.00,0.00,0.00,0.00,0.00,0.00,0.00,0.00,0.00,"62,099.65",0.00,0.00,0.00,0.00,0.00,0.00,0.00,0.00,"6,000.00",0.00,0.00,900.00,900.00,0.00,"86,869.34","35,537.46",0.00,0.00,0.00,0.00,0.00,0.00,0.00,0.00,"65,000.00",0.00,0.00,0.00,0.00,0.00,0.00,0.00,0.00,0.00,0.00,0.00,0.00,"80,314.66",0.00,"35,537.46","111,049.39",0.00,"10,642.00",0.00,0.00,0.00,0.00,"10,169.29",0.00,0.00,0.00,0.00,0.00,0.00,0.00,0.00,0.00,"155,249.14",0.00,"100,950.46","NIVEL a1,            ",0.00,0.00,0.00,0.00,0.00,0.00,0.00,0.00,2,Permanente Interino,DIRECCION DE AERONAUTICA                                                                                                                              ,SUB-DIRECTOR-Niv A1,No Asistenciales,01/04/2026,01/04/2026,14,22/08/1990,01/01/2026,2026/SEAC/2025,SUB DIRECTORA DE ADMINISTRACION Y DESPACHO.-,NULL,NULL,NULL,34327218,25,PERSONAL DE PLANTA AERONAUTICA,F     ,01/01/2026,24/04/2014,BACHILLER,SECUNDARIO                    ,Secundario                    ,1298604,DE    ,A27,0.00,0.00,0.00,0.00,0.00,0.00,0.00,0.00,0.00,0.00,0.00,0.00,0.00,0.00,0.00,0.00,0.00,0.00,0.00,0.00,0.00,0.00,0.00,0.00,0.00,0.00,0.00,0.00,0.00,0.00,0.00,0.00,0.00,0.00,0.00,0.00,0.00,0.00,0.00,0.00,0.00,0.00,0.00,0.00,"6,209.97",0.00,"4,762.61","310,498.28",0.00,"35,113.61",0.00,0.00,0.00,"19,420.63",0.00,SinDatos,0.00,RECIBO OK,0.00,0.00,0.00,0.00,0.00,0.00,0.00,0.00,0.00,0.00,"1,334,995.90",0.00,0.00,0.00,0.00,0.00,0.00,0.00,0.00,0.00,0.00,0.00,0.00,0.00,0.00,0.00,0.00,0.00,0.00,0.00,0.00,0.00,0.00,0.00,0.00,0.00,0.00,0.00,0.00,0.00,0.00,0.00,0.00,0.00,0.00,0.00,0.00,0.00,0.00,0.00,"169,488.23",0.00,0.00,0.00,0.00,0.00,0.00,0.00,"336,227.49",0.00,0.00,0.00,0.00,0.00,0.00,0.00,0.00,0.00,0.00,0.00,0.00,0.00,0.00,0.00,0.00,0.00,0.00,0.00,0.00,0.00,0.00,0.00,0.00
NIVEL d                                                     ,PASTOR EDUARDO ANTONIO,20172683925,17268392,"3,879,920.39","419,717.04","77,200.00","4,376,837.43","-697,615.91","-17,542.00","3,661,679.52","658,109.23",0.00,0.00,0.00,"5,034,946.66","5,034,946.66","3,661,679.52","213,651.76","76,914.72",0.00,0.00,0.00,0.00,0.00,"908,427.10",0.00,0.00,0.00,0.00,0.00,0.00,0.00,0.00,0.00,0.00,0.00,0.00,0.00,0.00,0.00,0.00,0.00,0.00,0.00,0.00,0.00,0.00,0.00,0.00,0.00,0.00,0.00,0.00,0.00,0.00,0.00,0.00,0.00,0.00,0.00,0.00,0.00,0.00,0.00,0.00,0.00,0.00,0.00,0.00,0.00,0.00,"85,460.70",GRADO  IV            ,0.00,0.00,0.00,0.00,0.00,0.00,"82,542.00",0.00,0.00,30.00,18.00,0.00,0.00,0.00,0.00,0.00,0.00,0.00,0.00,"42,730.35",0.00,0.00,0.00,0.00,0.00,0.00,0.00,0.00,"16,023.88",0.00,0.00,"6,962.34",0.00,0.00,0.00,0.00,0.00,0.00,0.00,0.00,0.00,0.00,0.00,0.00,0.00,0.00,"42,730.35",0.00,0.00,0.00,0.00,0.00,0.00,0.00,0.00,"6,000.00",0.00,0.00,900.00,0.00,0.00,"426,791.24","205,824.67",0.00,0.00,0.00,0.00,0.00,0.00,0.00,0.00,"65,000.00",0.00,0.00,0.00,0.00,0.00,0.00,0.00,0.00,0.00,0.00,0.00,0.00,"394,587.90",0.00,"133,717.20","129,804.13",0.00,"10,642.00",0.00,0.00,0.00,0.00,0.00,0.00,0.00,0.00,0.00,0.00,0.00,0.00,0.00,0.00,0.00,0.00,0.00,0.00,"96,677.42",NIVEL d                ,"413,307.49",0.00,0.00,0.00,0.00,0.00,2,Permanente Interino,DIRECCION DE AERONAUTICA                                                                                                                              ,PILOTO - NIVEL d                            ,No Asistenciales,01/04/2026,01/04/2026,1,16/04/1965,01/11/2023,.,NULL,NULL,NULL,NULL,17268392,22,PERSONAL DE PLANTA AERONAUTICA,M     ,01/11/2023,16/11/2023,SECUNDARIO                                                  ,SECUNDARIO                    ,Secundario                    ,1298604,DE    ,A27,0.00,0.00,0.00,0.00,0.00,0.00,0.00,0.00,0.00,0.00,0.00,0.00,0.00,0.00,0.00,0.00,0.00,0.00,0.00,0.00,0.00,0.00,0.00,0.00,0.00,0.00,0.00,0.00,0.00,0.00,0.00,0.00,0.00,0.00,0.00,0.00,0.00,0.00,0.00,0.00,0.00,0.00,0.00,0.00,"6,409.55",0.00,0.00,0.00,"213,651.76",0.00,"22,202.96",0.00,0.00,0.00,0.00,SinDatos,0.00,RECIBO OK,0.00,0.00,0.00,0.00,"111,272.70",0.00,0.00,0.00,0.00,0.00,0.00,0.00,0.00,0.00,0.00,0.00,0.00,0.00,0.00,0.00,0.00,0.00,0.00,0.00,0.00,0.00,0.00,0.00,0.00,0.00,0.00,0.00,0.00,0.00,0.00,0.00,0.00,0.00,0.00,0.00,0.00,0.00,0.00,0.00,0.00,0.00,0.00,0.00,0.00,0.00,0.00,"169,488.23",0.00,0.00,0.00,0.00,0.00,0.00,0.00,0.00,0.00,0.00,0.00,0.00,0.00,0.00,0.00,0.00,0.00,0.00,0.00,0.00,"164,512.04","106,825.88",0.00,0.00,0.00,0.00,0.00,0.00,0.00,0.00,0.00
NIVEL b2.                                          ,PERALTA MAXIMILIANO JOSE,20337569960,33756996,"335,282.43","2,544,140.39",0.00,"2,879,422.82","-116,968.78","-16,464.00","2,745,990.04","138,377.31","66,456.28",0.00,"66,456.28","3,084,256.41","3,084,256.41","2,812,446.32","248,690.65",0.00,0.00,0.00,0.00,0.00,0.00,0.00,0.00,0.00,0.00,0.00,0.00,0.00,0.00,0.00,0.00,0.00,0.00,0.00,0.00,0.00,0.00,0.00,0.00,0.00,0.00,0.00,0.00,0.00,0.00,0.00,0.00,0.00,0.00,0.00,0.00,0.00,0.00,0.00,0.00,0.00,0.00,0.00,0.00,0.00,0.00,0.00,0.00,0.00,0.00,0.00,0.00,0.00,0.00,0.00,"188,196.86",0.00,0.00,0.00,0.00,0.00,"81,464.00",0.00,0.00,30.00,0.00,0.00,0.00,0.00,0.00,0.00,0.00,0.00,0.00,0.00,0.00,"99,476.26",0.00,0.00,0.00,0.00,0.00,0.00,"16,023.88",0.00,"6,601.88",0.00,0.00,0.00,0.00,0.00,0.00,0.00,0.00,0.00,0.00,0.00,0.00,0.00,0.00,0.00,"49,738.13",0.00,0.00,0.00,0.00,0.00,0.00,0.00,0.00,"6,000.00",0.00,0.00,900.00,0.00,0.00,"36,881.07","15,087.71",0.00,0.00,0.00,0.00,0.00,0.00,0.00,0.00,"65,000.00",0.00,0.00,0.00,0.00,0.00,0.00,0.00,0.00,0.00,0.00,0.00,0.00,"34,098.22",0.00,"15,087.71","89,191.38",0.00,"9,564.00",0.00,0.00,0.00,0.00,0.00,0.00,0.00,0.00,0.00,0.00,0.00,0.00,0.00,0.00,"124,345.32",0.00,"96,677.42","NIVEL b2,            ",0.00,0.00,0.00,0.00,0.00,0.00,0.00,0.00,6,Reemplazante no permanente,DIRECCION DE AERONAUTICA                                                                                                                              ,PILOTO-Niv B2                                  ,No Asistenciales,01/03/2026,01/04/2026,9,10/06/1988,01/03/2026,RESUMEN MENSUAL,COB.-                                                                                                                                                                                                   ,31/03/2026,CP,NULL,33756996,9,PERSONAL DE PLANTA AERONAUTICA,M     ,01/03/2026,11/07/2025,UNIVERSITARIO 4  años,UNIVERSITARIO                 ,Universitario 4 años          ,1298604,DE    ,A27,0.00,0.00,0.00,0.00,0.00,0.00,0.00,0.00,0.00,0.00,0.00,0.00,0.00,0.00,0.00,0.00,0.00,0.00,0.00,0.00,0.00,0.00,0.00,0.00,0.00,0.00,0.00,0.00,0.00,0.00,0.00,0.00,0.00,0.00,0.00,0.00,0.00,0.00,0.00,0.00,0.00,0.00,0.00,0.00,0.00,0.00,0.00,"248,690.65",0.00,"33,789.17",0.00,0.00,0.00,"20,463.33","53,499.33",SinDatos,0.00,RECIBO OK,0.00,0.00,0.00,0.00,0.00,0.00,0.00,0.00,0.00,0.00,0.00,0.00,0.00,0.00,0.00,0.00,0.00,0.00,0.00,0.00,0.00,0.00,0.00,0.00,0.00,0.00,0.00,0.00,0.00,0.00,0.00,0.00,0.00,0.00,0.00,0.00,0.00,0.00,0.00,0.00,0.00,0.00,0.00,0.00,0.00,0.00,0.00,0.00,0.00,0.00,"169,488.23",0.00,0.00,0.00,0.00,0.00,0.00,0.00,0.00,0.00,0.00,0.00,0.00,0.00,0.00,0.00,0.00,0.00,0.00,0.00,0.00,0.00,0.00,0.00,0.00,0.00,0.00,0.00,0.00,0.00,0.00,0.00,0.00
NIVEL d                                                     ,RUIZ JONATHAN ALEJANDRO,20381195105,38119510,"229,725.75","1,049,654.29","40,000.00","1,319,380.04","-84,357.49","-23,285.14","1,211,737.41","74,263.20","45,533.92",0.00,"45,533.92","1,439,177.16","1,439,177.16","1,257,271.33","180,802.80","14,464.25",0.00,0.00,0.00,0.00,0.00,0.00,0.00,0.00,0.00,0.00,0.00,0.00,0.00,0.00,0.00,0.00,0.00,0.00,0.00,0.00,0.00,0.00,0.00,0.00,0.00,0.00,0.00,0.00,0.00,0.00,0.00,0.00,0.00,0.00,0.00,0.00,0.00,0.00,0.00,0.00,0.00,0.00,0.00,0.00,0.00,0.00,0.00,0.00,0.00,0.00,0.00,0.00,0.00,0.00,"131,711.39",0.00,0.00,0.00,0.00,0.00,"66,292.00",0.00,0.00,30.00,4.00,0.00,0.00,0.00,0.00,0.00,0.00,0.00,0.00,"36,160.56",0.00,0.00,0.00,0.00,0.00,0.00,0.00,0.00,"16,023.88",0.00,"5,332.88",0.00,0.00,0.00,0.00,"5,743.14",0.00,0.00,0.00,0.00,0.00,0.00,0.00,0.00,0.00,0.00,"36,160.56",0.00,0.00,0.00,0.00,0.00,0.00,0.00,0.00,"6,000.00",0.00,0.00,900.00,0.00,0.00,"25,269.83","10,337.66",0.00,0.00,0.00,0.00,0.00,0.00,0.00,0.00,"48,750.00",0.00,0.00,0.00,0.00,0.00,0.00,0.00,0.00,0.00,0.00,0.00,0.00,"23,363.11",0.00,"10,337.66","40,562.43",0.00,"10,642.00",0.00,0.00,0.00,0.00,0.00,0.00,0.00,0.00,0.00,0.00,0.00,0.00,0.00,0.00,"90,401.40",0.00,"96,677.42",NIVEL d                ,0.00,0.00,0.00,0.00,0.00,0.00,0.00,0.00,2,Permanente Interino,DIRECCION DE AERONAUTICA                                                                                                                              ,ADMINISTRATIVO - NIVEL d,No Asistenciales,01/04/2026,01/04/2026,2,13/11/1993,01/01/2026,1503/SPS/2025,PASE A PLANTA INTERINA.-                                                                                                                                                                                ,NULL,NULL,NULL,38119510,17,PERSONAL DE PLANTA AERONAUTICA,M     ,01/01/2026,22/11/2023,BACHILLER,SECUNDARIO                    ,Secundario                    ,1298604,DE    ,A27,0.00,0.00,0.00,0.00,0.00,0.00,0.00,0.00,0.00,0.00,0.00,0.00,0.00,0.00,0.00,0.00,0.00,0.00,0.00,0.00,0.00,0.00,0.00,0.00,0.00,0.00,0.00,0.00,0.00,0.00,0.00,0.00,0.00,0.00,0.00,0.00,0.00,0.00,0.00,0.00,0.00,0.00,0.00,0.00,0.00,0.00,0.00,"180,802.80",0.00,"22,202.96",0.00,0.00,0.00,0.00,"111,272.70",SinDatos,0.00,RECIBO OK,0.00,0.00,0.00,0.00,0.00,0.00,0.00,0.00,0.00,0.00,0.00,0.00,0.00,0.00,0.00,0.00,0.00,0.00,0.00,0.00,0.00,0.00,0.00,0.00,0.00,0.00,0.00,0.00,0.00,0.00,0.00,0.00,0.00,0.00,0.00,0.00,0.00,0.00,0.00,0.00,0.00,0.00,0.00,0.00,0.00,0.00,0.00,0.00,0.00,0.00,"169,488.23",0.00,0.00,0.00,0.00,0.00,0.00,0.00,0.00,0.00,0.00,0.00,0.00,0.00,0.00,0.00,0.00,0.00,0.00,0.00,0.00,0.00,0.00,0.00,0.00,0.00,0.00,0.00,0.00,0.00,0.00,0.00,0.00
NIVEL d                                                     ,SAGRISTA LOPEZ FEDERICO GUILLERMO,20304087588,30408758,"234,119.28","2,602,820.99",0.00,"2,836,940.27","-101,288.49","-17,542.00","2,718,109.78","121,660.66","46,404.76",0.00,"46,404.76","3,005,005.69","3,005,005.69","2,764,514.54","180,802.80","28,928.49",0.00,0.00,0.00,0.00,0.00,0.00,0.00,0.00,0.00,0.00,0.00,0.00,0.00,0.00,0.00,0.00,0.00,0.00,0.00,0.00,0.00,0.00,0.00,0.00,0.00,0.00,0.00,0.00,0.00,0.00,0.00,0.00,0.00,0.00,0.00,0.00,0.00,0.00,0.00,0.00,0.00,0.00,0.00,0.00,0.00,0.00,0.00,0.00,0.00,0.00,0.00,0.00,"27,120.42",GRADO  II            ,"108,794.61",0.00,0.00,0.00,0.00,0.00,"82,542.00",0.00,0.00,30.00,8.00,0.00,0.00,0.00,0.00,0.00,0.00,0.00,0.00,0.00,0.00,0.00,0.00,0.00,0.00,0.00,0.00,0.00,"16,023.88",0.00,"5,332.88",0.00,0.00,0.00,0.00,0.00,0.00,0.00,0.00,0.00,0.00,0.00,0.00,0.00,0.00,0.00,"36,160.56",0.00,0.00,0.00,0.00,0.00,0.00,0.00,0.00,"6,000.00",0.00,0.00,900.00,0.00,0.00,"25,753.12","10,535.37",0.00,0.00,0.00,0.00,0.00,0.00,0.00,0.00,"65,000.00",0.00,0.00,0.00,0.00,0.00,0.00,0.00,0.00,0.00,0.00,0.00,0.00,"23,809.93",0.00,"10,535.37","87,315.36",0.00,"10,642.00",0.00,0.00,0.00,0.00,0.00,0.00,0.00,0.00,0.00,0.00,0.00,0.00,0.00,0.00,"90,401.40",0.00,"96,677.42",NIVEL d                ,0.00,0.00,0.00,0.00,0.00,0.00,0.00,0.00,2,Permanente Interino,DIRECCION DE AERONAUTICA                                                                                                                              ,PILOTO - NIVEL d                            ,No Asistenciales,01/04/2026,01/04/2026,2,21/07/1983,01/01/2026,1503/SPS/2025,PASE A PLANTA INTERINA.-                                                                                                                                                                                ,NULL,NULL,NULL,30408758,2,PERSONAL DE PLANTA AERONAUTICA,M     ,01/01/2026,NULL,NULL,NULL,NULL,1298604,DE    ,A27,0.00,0.00,0.00,0.00,0.00,0.00,0.00,0.00,0.00,0.00,0.00,0.00,0.00,0.00,0.00,0.00,0.00,0.00,0.00,0.00,0.00,0.00,0.00,0.00,0.00,0.00,0.00,0.00,0.00,0.00,0.00,0.00,0.00,0.00,0.00,0.00,0.00,0.00,0.00,0.00,0.00,0.00,0.00,0.00,"1,808.03",0.00,0.00,"180,802.80",0.00,"22,202.96",0.00,0.00,0.00,0.00,"111,272.70",SinDatos,0.00,RECIBO OK,0.00,0.00,0.00,0.00,0.00,0.00,0.00,0.00,0.00,0.00,0.00,0.00,0.00,0.00,0.00,0.00,0.00,0.00,0.00,0.00,0.00,0.00,0.00,0.00,0.00,0.00,0.00,0.00,0.00,0.00,0.00,0.00,0.00,0.00,0.00,0.00,0.00,0.00,0.00,0.00,0.00,0.00,0.00,0.00,0.00,0.00,0.00,0.00,0.00,0.00,"169,488.23",0.00,0.00,0.00,0.00,0.00,0.00,0.00,0.00,0.00,0.00,0.00,0.00,0.00,0.00,0.00,0.00,0.00,0.00,0.00,0.00,0.00,0.00,0.00,0.00,0.00,0.00,0.00,0.00,0.00,0.00,0.00,0.00
NIVEL d                                                     ,SILVA OMAR ALBERTO    ,20282216060,28221606,"266,338.34","1,026,690.22","83,200.00","1,376,228.56","-90,032.45","-24,200.46","1,261,995.65","80,261.43","52,790.90",0.00,"52,790.90","1,509,280.89","1,509,280.89","1,314,786.55","180,802.80","32,544.56",0.00,0.00,0.00,0.00,0.00,0.00,0.00,0.00,0.00,0.00,0.00,0.00,0.00,0.00,0.00,0.00,0.00,0.00,0.00,0.00,0.00,0.00,0.00,0.00,0.00,0.00,0.00,0.00,0.00,0.00,0.00,0.00,0.00,0.00,0.00,0.00,0.00,0.00,0.00,0.00,0.00,0.00,0.00,0.00,0.00,0.00,0.00,0.00,0.00,0.00,0.00,0.00,"27,120.42",GRADO  II            ,"108,794.61",0.00,0.00,0.00,0.00,0.00,"66,292.00",0.00,0.00,30.00,9.00,0.00,0.00,0.00,0.00,0.00,0.00,0.00,0.00,"36,160.56",0.00,0.00,0.00,0.00,0.00,0.00,0.00,0.00,"16,023.88",0.00,"5,332.88",0.00,0.00,0.00,0.00,"6,658.46",0.00,0.00,0.00,0.00,0.00,0.00,0.00,0.00,0.00,0.00,"36,160.56",0.00,0.00,0.00,0.00,0.00,0.00,0.00,0.00,"6,000.00",0.00,0.00,900.00,0.00,0.00,"29,297.22","11,985.23",0.00,0.00,0.00,0.00,0.00,0.00,0.00,0.00,"48,750.00",0.00,0.00,0.00,0.00,0.00,0.00,0.00,0.00,0.00,0.00,0.00,0.00,"27,086.61",0.00,"11,985.23","41,189.59",0.00,"10,642.00",0.00,0.00,0.00,0.00,0.00,0.00,0.00,0.00,0.00,0.00,0.00,0.00,0.00,0.00,"90,401.40",0.00,"96,677.42",NIVEL d                ,0.00,0.00,0.00,0.00,0.00,0.00,0.00,0.00,2,Permanente Interino,DIRECCION DE AERONAUTICA                                                                                                                              ,PRESTADOR DE SERVICIO DE RAMPA - Nivel D                    ,No Asistenciales,01/04/2026,01/04/2026,3,10/07/1980,01/01/2026,1503/SPS/2025,PASE A PLANTA INTERINA.-                                                                                                                                                                                ,NULL,NULL,NULL,28221606,12,PERSONAL DE PLANTA AERONAUTICA,M     ,01/01/2026,22/11/2023,PERITO MERCANTIL,SECUNDARIO                    ,Secundario                    ,1298604,DE    ,A27,0.00,0.00,0.00,0.00,0.00,0.00,0.00,0.00,0.00,0.00,0.00,0.00,0.00,0.00,0.00,0.00,0.00,0.00,0.00,0.00,0.00,0.00,0.00,0.00,0.00,0.00,0.00,0.00,0.00,0.00,0.00,0.00,0.00,0.00,0.00,0.00,0.00,0.00,0.00,0.00,0.00,0.00,0.00,0.00,"1,808.03",0.00,0.00,"180,802.80",0.00,"22,202.96",0.00,0.00,0.00,0.00,"111,272.70",SinDatos,0.00,RECIBO OK,0.00,0.00,0.00,0.00,0.00,0.00,0.00,0.00,0.00,0.00,0.00,0.00,0.00,0.00,0.00,0.00,0.00,0.00,0.00,0.00,0.00,0.00,0.00,0.00,0.00,0.00,0.00,0.00,0.00,0.00,0.00,0.00,0.00,0.00,0.00,0.00,0.00,0.00,0.00,0.00,0.00,0.00,0.00,0.00,0.00,0.00,0.00,0.00,0.00,0.00,"169,488.23",0.00,0.00,0.00,0.00,0.00,0.00,0.00,0.00,0.00,0.00,0.00,0.00,0.00,0.00,0.00,0.00,0.00,0.00,0.00,0.00,0.00,0.00,0.00,0.00,0.00,0.00,0.00,0.00,0.00,0.00,0.00,0.00
NIVEL d                                                     ,SORIA FERULLO MARIA FLORENCIA,27395754942,39575494,"226,796.74","1,430,767.65","41,600.00","1,699,164.39","-83,903.49","-24,111.92","1,591,148.98","85,161.62","44,953.37",0.00,"44,953.37","1,829,279.38","1,829,279.38","1,636,102.35","180,802.80","10,848.19",0.00,0.00,0.00,0.00,0.00,0.00,0.00,0.00,0.00,0.00,0.00,0.00,0.00,0.00,0.00,0.00,0.00,0.00,0.00,0.00,0.00,0.00,0.00,0.00,0.00,0.00,0.00,0.00,0.00,0.00,0.00,0.00,0.00,0.00,0.00,0.00,0.00,0.00,0.00,0.00,0.00,0.00,0.00,0.00,0.00,0.00,0.00,0.00,0.00,0.00,0.00,0.00,0.00,0.00,"131,711.39",0.00,0.00,0.00,0.00,0.00,"67,192.00",0.00,0.00,30.00,3.00,0.00,0.00,0.00,0.00,0.00,0.00,0.00,0.00,"36,160.56",0.00,0.00,0.00,0.00,0.00,0.00,0.00,0.00,"16,023.88",0.00,"5,332.88",0.00,0.00,0.00,0.00,"5,669.92",0.00,0.00,0.00,0.00,0.00,0.00,0.00,0.00,0.00,0.00,"36,160.56",0.00,0.00,0.00,0.00,0.00,0.00,0.00,0.00,"6,000.00",0.00,0.00,900.00,900.00,0.00,"24,947.64","10,205.85",0.00,0.00,0.00,0.00,0.00,0.00,0.00,0.00,"48,750.00",0.00,0.00,0.00,0.00,0.00,0.00,0.00,0.00,0.00,0.00,0.00,0.00,"23,065.23",0.00,"10,205.85","51,890.54",0.00,"10,642.00",0.00,0.00,0.00,0.00,0.00,0.00,0.00,0.00,0.00,0.00,0.00,0.00,0.00,0.00,"90,401.40",0.00,"96,677.42",NIVEL d                ,0.00,0.00,0.00,0.00,0.00,0.00,0.00,0.00,2,Permanente Interino,DIRECCION DE AERONAUTICA                                                                                                                              ,ADMINISTRATIVO - NIVEL d,No Asistenciales,01/04/2026,01/04/2026,16,02/05/1996,01/01/2026,1503/SPS/2025,PASE A PLANTA INTERINA.-                                                                                                                                                                                ,NULL,NULL,NULL,27395754942,7,PERSONAL DE PLANTA AERONAUTICA,F     ,01/01/2026,16/09/2022,SECUNDARIO                                                  ,SECUNDARIO                    ,Secundario                    ,1298604,DE    ,A27,0.00,0.00,0.00,0.00,0.00,0.00,0.00,0.00,0.00,0.00,0.00,0.00,0.00,0.00,0.00,0.00,0.00,0.00,0.00,0.00,0.00,0.00,0.00,0.00,0.00,0.00,0.00,0.00,0.00,0.00,0.00,0.00,0.00,0.00,0.00,0.00,0.00,0.00,0.00,0.00,0.00,0.00,0.00,0.00,0.00,0.00,0.00,"180,802.80",0.00,"21,325.75",0.00,0.00,0.00,"119,800.15","111,272.70",SinDatos,0.00,RECIBO OK,0.00,0.00,0.00,0.00,0.00,0.00,0.00,0.00,0.00,0.00,0.00,0.00,0.00,0.00,"503,954.93",0.00,0.00,0.00,0.00,0.00,0.00,0.00,0.00,0.00,0.00,0.00,0.00,0.00,0.00,0.00,0.00,0.00,0.00,0.00,0.00,0.00,0.00,0.00,0.00,0.00,0.00,0.00,0.00,0.00,0.00,0.00,0.00,0.00,0.00,0.00,"169,488.23",0.00,0.00,0.00,0.00,0.00,0.00,0.00,0.00,0.00,0.00,0.00,0.00,0.00,0.00,0.00,0.00,0.00,0.00,0.00,0.00,0.00,0.00,0.00,0.00,0.00,0.00,0.00,0.00,0.00,0.00,0.00,0.00
NIVEL d                                                     ,TALAMONTI DIEGO MARCELO,23326533149,32653314,"229,725.75","1,042,513.19",0.00,"1,272,238.94","-84,357.49","-23,285.14","1,164,596.31","74,048.97","45,533.92",0.00,"45,533.92","1,391,821.83","1,391,821.83","1,210,130.23","180,802.80","14,464.25",0.00,0.00,0.00,0.00,0.00,0.00,0.00,0.00,0.00,0.00,0.00,0.00,0.00,0.00,0.00,0.00,0.00,0.00,0.00,0.00,0.00,0.00,0.00,0.00,0.00,0.00,0.00,0.00,0.00,0.00,0.00,0.00,0.00,0.00,0.00,0.00,0.00,0.00,0.00,0.00,0.00,0.00,0.00,0.00,0.00,0.00,0.00,0.00,0.00,0.00,0.00,0.00,0.00,0.00,"131,711.39",0.00,0.00,0.00,0.00,0.00,"66,292.00",0.00,0.00,30.00,4.00,0.00,0.00,0.00,0.00,0.00,0.00,0.00,0.00,"36,160.56",0.00,0.00,0.00,0.00,0.00,0.00,0.00,0.00,"16,023.88",0.00,"5,332.88",0.00,0.00,0.00,0.00,"5,743.14",0.00,0.00,0.00,0.00,0.00,0.00,0.00,0.00,0.00,0.00,"36,160.56",0.00,0.00,0.00,0.00,0.00,0.00,0.00,0.00,"6,000.00",0.00,0.00,900.00,0.00,0.00,"25,269.83","10,337.66",0.00,0.00,0.00,0.00,0.00,0.00,0.00,0.00,"48,750.00",0.00,0.00,0.00,0.00,0.00,0.00,0.00,0.00,0.00,0.00,0.00,0.00,"23,363.11",0.00,"10,337.66","40,348.20",0.00,"10,642.00",0.00,0.00,0.00,0.00,0.00,0.00,0.00,0.00,0.00,0.00,0.00,0.00,0.00,0.00,"90,401.40",0.00,"96,677.42",NIVEL d                ,0.00,0.00,0.00,0.00,0.00,0.00,0.00,0.00,2,Permanente Interino,DIRECCION DE AERONAUTICA                                                                                                                              ,PRESTADOR DE SERVICIO DE RAMPA - Nivel D                    ,No Asistenciales,01/04/2026,01/04/2026,3,25/08/1986,01/01/2026,1503/SPS/2025,PASE A PLANTA INTERINA.-                                                                                                                                                                                ,NULL,NULL,NULL,32653314,31,PERSONAL DE PLANTA AERONAUTICA,M     ,01/01/2026,22/11/2023,BACHILLER,SECUNDARIO                    ,Secundario                    ,1298604,DE    ,A27,0.00,0.00,0.00,0.00,0.00,0.00,0.00,0.00,0.00,0.00,0.00,0.00,0.00,0.00,0.00,0.00,0.00,0.00,0.00,0.00,0.00,0.00,0.00,0.00,0.00,0.00,0.00,0.00,0.00,0.00,0.00,0.00,0.00,0.00,0.00,0.00,0.00,0.00,0.00,0.00,0.00,0.00,0.00,0.00,0.00,0.00,0.00,"180,802.80",0.00,"22,202.96",0.00,0.00,0.00,0.00,"111,272.70",SinDatos,0.00,RECIBO OK,0.00,0.00,0.00,0.00,0.00,0.00,0.00,0.00,0.00,0.00,0.00,0.00,0.00,0.00,0.00,0.00,0.00,0.00,0.00,0.00,0.00,0.00,0.00,0.00,0.00,0.00,0.00,0.00,0.00,0.00,0.00,0.00,0.00,0.00,0.00,0.00,0.00,0.00,0.00,0.00,0.00,0.00,0.00,0.00,0.00,0.00,0.00,0.00,0.00,0.00,"169,488.23",0.00,0.00,0.00,0.00,0.00,0.00,0.00,0.00,0.00,0.00,0.00,0.00,0.00,0.00,0.00,0.00,0.00,0.00,0.00,0.00,0.00,0.00,0.00,0.00,0.00,0.00,0.00,0.00,0.00,0.00,0.00,0.00
NIVEL d                                                     ,TORRES MATIAS JESUS  ,20355219152,35521915,"200,435.70","1,021,541.54",0.00,"1,221,977.24","-79,817.54","-47,334.72","1,094,824.98","68,070.10","39,728.34",0.00,"39,728.34","1,329,775.68","1,329,775.68","1,134,553.32","180,802.80","14,464.25",0.00,0.00,0.00,0.00,0.00,0.00,0.00,0.00,0.00,0.00,0.00,0.00,0.00,0.00,0.00,0.00,0.00,0.00,0.00,0.00,0.00,0.00,0.00,0.00,0.00,0.00,0.00,0.00,0.00,0.00,0.00,0.00,0.00,0.00,0.00,0.00,0.00,0.00,0.00,0.00,0.00,0.00,0.00,0.00,0.00,0.00,0.00,0.00,0.00,0.00,0.00,0.00,0.00,0.00,"131,711.39",0.00,0.00,0.00,0.00,0.00,"66,292.00",0.00,0.00,30.00,4.00,0.00,0.00,0.00,0.00,0.00,0.00,0.00,0.00,0.00,0.00,0.00,0.00,0.00,0.00,0.00,0.00,0.00,"16,023.88",0.00,"5,332.88",0.00,0.00,0.00,0.00,"5,010.89",0.00,0.00,0.00,0.00,0.00,0.00,0.00,0.00,0.00,0.00,"36,160.56",0.00,0.00,0.00,0.00,0.00,0.00,0.00,0.00,"6,000.00",0.00,0.00,900.00,0.00,0.00,"22,047.93","9,019.61",0.00,0.00,0.00,0.00,0.00,0.00,0.00,0.00,"48,750.00",0.00,0.00,0.00,0.00,0.00,0.00,0.00,0.00,0.00,0.00,0.00,0.00,"20,384.31",0.00,"9,019.61","38,666.18",0.00,"10,642.00",0.00,0.00,0.00,0.00,0.00,0.00,0.00,0.00,0.00,0.00,0.00,0.00,0.00,0.00,"90,401.40",0.00,"96,677.42",NIVEL d                ,0.00,0.00,0.00,0.00,0.00,0.00,0.00,0.00,2,Permanente Interino,DIRECCION DE AERONAUTICA                                                                                                                              ,PRESTADOR DE SERVICIO DE RAMPA - Nivel D                    ,No Asistenciales,01/04/2026,01/04/2026,3,03/03/1991,01/01/2026,1503/SPS/2025,PASE A PLANTA INTERINA.-                                                                                                                                                                                ,NULL,NULL,NULL,35521915,15,PERSONAL DE PLANTA AERONAUTICA,M     ,01/01/2026,NULL,NULL,NULL,NULL,1298604,DE    ,A27,0.00,0.00,0.00,0.00,0.00,0.00,0.00,0.00,0.00,0.00,0.00,0.00,0.00,0.00,0.00,0.00,0.00,0.00,0.00,0.00,0.00,0.00,0.00,0.00,0.00,0.00,0.00,0.00,0.00,0.00,0.00,0.00,0.00,0.00,0.00,0.00,0.00,0.00,0.00,0.00,0.00,0.00,0.00,0.00,0.00,0.00,0.00,"180,802.80",0.00,"22,202.96",0.00,0.00,0.00,0.00,"111,272.70",SinDatos,0.00,RECIBO OK,0.00,0.00,0.00,0.00,0.00,0.00,0.00,0.00,0.00,0.00,0.00,0.00,0.00,0.00,0.00,0.00,0.00,0.00,0.00,0.00,0.00,0.00,0.00,0.00,0.00,0.00,0.00,0.00,0.00,0.00,0.00,0.00,0.00,0.00,0.00,0.00,0.00,0.00,0.00,0.00,0.00,0.00,0.00,0.00,0.00,0.00,0.00,0.00,0.00,0.00,"169,488.23",0.00,0.00,0.00,0.00,0.00,0.00,0.00,0.00,0.00,0.00,0.00,0.00,0.00,0.00,0.00,0.00,0.00,0.00,0.00,0.00,0.00,0.00,0.00,0.00,0.00,0.00,0.00,0.00,0.00,0.00,0.00,0.00
NIVEL c                                                     ,TRESGUERRES HECTOR EDGARDO,20119583382,11958338,"3,622,631.33","380,888.70","5,600.00","4,009,120.03","-708,229.66","-17,542.00","3,283,348.37","652,360.63",0.00,0.00,0.00,"4,661,480.66","4,661,480.66","3,283,348.37","267,064.70","138,873.54",0.00,0.00,0.00,0.00,0.00,0.00,0.00,0.00,0.00,0.00,0.00,0.00,0.00,0.00,0.00,0.00,0.00,0.00,0.00,0.00,0.00,0.00,0.00,0.00,0.00,0.00,0.00,0.00,0.00,0.00,0.00,0.00,0.00,0.00,0.00,0.00,0.00,0.00,0.00,0.00,0.00,0.00,0.00,0.00,0.00,0.00,0.00,0.00,0.00,0.00,0.00,0.00,"160,238.82",GRADO  VI            ,0.00,0.00,0.00,0.00,0.00,0.00,"82,542.00",0.00,0.00,30.00,26.00,0.00,0.00,0.00,0.00,0.00,0.00,0.00,0.00,0.00,"80,119.41",0.00,0.00,0.00,0.00,0.00,0.00,0.00,"16,023.88",0.00,0.00,"8,464.12",0.00,0.00,0.00,0.00,0.00,0.00,0.00,0.00,0.00,0.00,0.00,0.00,0.00,0.00,"53,412.94",0.00,0.00,0.00,0.00,0.00,0.00,0.00,0.00,"6,000.00",0.00,0.00,900.00,0.00,0.00,"398,489.45","244,740.21",0.00,0.00,0.00,0.00,0.00,0.00,0.00,0.00,"65,000.00",0.00,0.00,0.00,0.00,0.00,0.00,0.00,0.00,0.00,0.00,0.00,0.00,"368,421.61",0.00,"163,018.41","120,920.61",0.00,"10,642.00",0.00,0.00,0.00,0.00,0.00,0.00,0.00,0.00,0.00,0.00,0.00,0.00,0.00,0.00,0.00,0.00,0.00,0.00,"96,677.42",NIVEL c                ,"367,535.46",0.00,0.00,0.00,0.00,0.00,2,Permanente Interino,DIRECCION DE AERONAUTICA                                                                                                                              ,PILOTO - NIVEL c                            ,No Asistenciales,01/04/2026,01/04/2026,1,12/08/1958,01/11/2023,.,NULL,NULL,NULL,NULL,11958338,30,PERSONAL DE PLANTA AERONAUTICA,M     ,01/11/2023,16/11/2023,NIVEL TERCIARIO                                             ,TERCIARIO                     ,Terciario                     ,1298604,DE    ,A27,0.00,0.00,0.00,0.00,0.00,0.00,0.00,0.00,0.00,0.00,0.00,0.00,0.00,0.00,0.00,0.00,0.00,0.00,0.00,0.00,0.00,0.00,0.00,0.00,0.00,0.00,0.00,0.00,0.00,0.00,0.00,0.00,0.00,0.00,0.00,0.00,0.00,0.00,0.00,0.00,0.00,0.00,0.00,0.00,"13,353.24",0.00,0.00,0.00,"267,064.70",0.00,"28,304.53",0.00,0.00,0.00,0.00,SinDatos,0.00,RECIBO OK,0.00,0.00,0.00,0.00,"76,196.01",0.00,0.00,0.00,0.00,0.00,0.00,0.00,0.00,0.00,0.00,0.00,0.00,0.00,0.00,0.00,0.00,0.00,0.00,0.00,0.00,0.00,0.00,0.00,0.00,0.00,0.00,0.00,0.00,0.00,0.00,0.00,0.00,0.00,0.00,0.00,0.00,0.00,0.00,0.00,0.00,0.00,0.00,0.00,0.00,0.00,0.00,"169,488.23",0.00,0.00,0.00,0.00,0.00,0.00,0.00,0.00,0.00,0.00,0.00,0.00,0.00,0.00,0.00,0.00,0.00,0.00,0.00,0.00,"311,130.72","133,532.35",0.00,0.00,0.00,0.00,0.00,0.00,0.00,0.00,0.00
NIVEL a3.                                          ,URIA AGUSTIN                ,20410594340,41059434,"477,906.19","1,495,325.12",0.00,"1,973,231.31","-122,825.46","-17,542.00","1,832,863.85","132,962.56","94,725.73",0.00,"94,725.73","2,200,919.60","2,200,919.60","1,927,589.58","317,700.17","25,797.04",0.00,0.00,0.00,0.00,0.00,0.00,0.00,0.00,0.00,0.00,0.00,0.00,0.00,0.00,0.00,0.00,0.00,0.00,0.00,0.00,0.00,0.00,0.00,0.00,0.00,0.00,0.00,0.00,0.00,0.00,0.00,0.00,0.00,0.00,0.00,0.00,0.00,0.00,0.00,0.00,0.00,0.00,0.00,0.00,0.00,0.00,0.00,0.00,0.00,0.00,0.00,0.00,0.00,0.00,"245,636.30",0.00,0.00,0.00,0.00,0.00,"66,292.00",0.00,0.00,30.00,4.00,0.00,0.00,0.00,0.00,0.00,0.00,0.00,0.00,0.00,0.00,0.00,"161,231.39",0.00,0.00,0.00,0.00,0.00,"16,023.88",0.00,"8,298.63",0.00,0.00,0.00,0.00,0.00,0.00,0.00,0.00,0.00,0.00,0.00,0.00,0.00,0.00,0.00,"64,492.56",0.00,0.00,0.00,0.00,0.00,0.00,0.00,0.00,"6,000.00",0.00,0.00,900.00,0.00,0.00,"52,569.68","21,505.78",0.00,0.00,0.00,0.00,0.00,0.00,0.00,0.00,"48,750.00",0.00,0.00,0.00,0.00,0.00,0.00,0.00,0.00,0.00,0.00,0.00,0.00,"48,603.06",0.00,"21,505.78","62,853.72",0.00,"10,642.00",0.00,0.00,0.00,0.00,"10,169.29",0.00,0.00,0.00,0.00,0.00,0.00,0.00,0.00,0.00,"161,231.39",0.00,"100,950.46","NIVEL a3,            ",0.00,0.00,0.00,0.00,0.00,0.00,0.00,0.00,3,Transitorios,DIRECCION DE AERONAUTICA                                                                                                                              ,DESPACHANTE DE AERONAVE - NIVEL A3,No Asistenciales,01/04/2026,01/04/2026,3,20/03/1998,01/01/2026,1242/SEM/2025,CAMBIO DE NIVEL - RESOLUCION N° 1242/SEM/2025.-$PASE A PLANTA INTERINA - RESOLUCION N° 1503/SPS/2025.-,NULL,NULL,NULL,41059434,28,PERSONAL DE PLANTA AERONAUTICA,M     ,01/01/2026,22/11/2023,SECUNDARIO                                                  ,SECUNDARIO                    ,Secundario                    ,1298604,DE    ,A27,0.00,0.00,0.00,0.00,0.00,0.00,0.00,0.00,0.00,0.00,0.00,0.00,0.00,0.00,0.00,0.00,0.00,0.00,0.00,0.00,0.00,0.00,0.00,0.00,0.00,0.00,0.00,0.00,0.00,0.00,0.00,0.00,0.00,0.00,0.00,0.00,0.00,0.00,0.00,0.00,0.00,0.00,0.00,0.00,0.00,0.00,"4,762.61","322,462.78",0.00,"22,202.96",0.00,0.00,0.00,0.00,0.00,SinDatos,0.00,RECIBO OK,0.00,0.00,0.00,0.00,0.00,0.00,0.00,0.00,0.00,0.00,0.00,0.00,0.00,0.00,0.00,0.00,0.00,0.00,0.00,0.00,0.00,0.00,0.00,0.00,0.00,0.00,0.00,0.00,0.00,0.00,0.00,0.00,0.00,0.00,0.00,0.00,0.00,0.00,0.00,0.00,0.00,0.00,0.00,0.00,0.00,0.00,0.00,0.00,0.00,0.00,"169,488.23",0.00,0.00,0.00,0.00,0.00,0.00,0.00,0.00,0.00,0.00,0.00,0.00,0.00,0.00,0.00,0.00,0.00,0.00,0.00,0.00,0.00,0.00,0.00,0.00,0.00,0.00,0.00,0.00,0.00,0.00,0.00,0.00
NIVEL d                                                     ,URTUBEY MIGUEL ANGEL,20129346591,12934659,"3,010,695.66","330,748.37","5,600.00","3,347,044.03","-613,379.62","-17,542.00","2,716,122.41","542,727.38",0.00,0.00,0.00,"3,889,771.41","3,889,771.41","2,716,122.41","180,802.80","54,240.90",0.00,0.00,0.00,0.00,0.00,0.00,0.00,0.00,0.00,0.00,0.00,0.00,0.00,0.00,0.00,0.00,0.00,0.00,0.00,0.00,0.00,0.00,0.00,0.00,0.00,0.00,0.00,0.00,0.00,0.00,0.00,0.00,0.00,0.00,0.00,0.00,0.00,0.00,0.00,0.00,0.00,0.00,0.00,0.00,0.00,0.00,0.00,0.00,0.00,0.00,0.00,0.00,"54,240.84",GRADO  III          ,0.00,"139,218.31",0.00,0.00,0.00,0.00,"82,542.00",0.00,0.00,30.00,15.00,0.00,0.00,0.00,0.00,0.00,0.00,0.00,0.00,"36,160.56",0.00,0.00,0.00,0.00,0.00,0.00,0.00,0.00,"16,023.88",0.00,0.00,"6,962.34",0.00,0.00,0.00,0.00,0.00,0.00,0.00,0.00,0.00,0.00,0.00,0.00,0.00,0.00,"36,160.56",0.00,0.00,0.00,0.00,0.00,0.00,0.00,0.00,"6,000.00",0.00,0.00,900.00,0.00,0.00,"331,176.52","217,203.10",0.00,0.00,0.00,0.00,0.00,0.00,0.00,0.00,"65,000.00",0.00,0.00,0.00,0.00,0.00,0.00,0.00,0.00,0.00,0.00,0.00,0.00,"306,187.75",0.00,"135,481.30","101,058.33",0.00,"10,642.00",0.00,0.00,0.00,0.00,0.00,0.00,0.00,0.00,0.00,0.00,0.00,0.00,0.00,0.00,0.00,0.00,0.00,0.00,"96,677.42",NIVEL d                ,"325,324.29",0.00,0.00,0.00,0.00,0.00,1,Permanente Titular,DIRECCION DE AERONAUTICA                                                                                                                              ,PILOTO - NIVEL d                            ,No Asistenciales,01/04/2026,01/04/2026,1,03/04/1959,01/11/2023,DAN y U 1/1 -23,DCTO.ACDO.NEC. Y URG. 1/1 DE FECHA 30/11/2023 -ART.10 -RESOL.668/SPS 10/11/23.                                                                                                                          ,NULL,NULL,NULL,12934659,5,PERSONAL DE PLANTA AERONAUTICA,M     ,01/11/2023,24/11/2023,NIVEL SECUNDARIO                                            ,SECUNDARIO                    ,Secundario                    ,1298604,DE    ,A27,0.00,0.00,0.00,0.00,0.00,0.00,0.00,0.00,0.00,0.00,0.00,0.00,0.00,0.00,0.00,0.00,0.00,0.00,0.00,0.00,0.00,0.00,0.00,0.00,0.00,0.00,0.00,0.00,0.00,0.00,0.00,0.00,0.00,0.00,0.00,0.00,0.00,0.00,0.00,0.00,0.00,0.00,0.00,0.00,"5,424.08",0.00,0.00,0.00,"180,802.80",0.00,"22,202.96",0.00,0.00,0.00,0.00,SinDatos,0.00,RECIBO OK,0.00,0.00,0.00,0.00,"111,272.70",0.00,0.00,0.00,0.00,0.00,0.00,0.00,0.00,0.00,0.00,0.00,0.00,0.00,0.00,0.00,0.00,0.00,0.00,0.00,0.00,0.00,0.00,0.00,0.00,0.00,0.00,0.00,0.00,0.00,0.00,0.00,0.00,0.00,0.00,0.00,0.00,0.00,0.00,0.00,0.00,0.00,0.00,0.00,0.00,0.00,0.00,"169,488.23",0.00,0.00,0.00,0.00,0.00,0.00,0.00,0.00,0.00,0.00,0.00,0.00,0.00,0.00,0.00,0.00,0.00,0.00,0.00,0.00,0.00,"90,401.40",0.00,0.00,0.00,0.00,0.00,0.00,0.00,0.00,0.00
NIVEL a3.                                          ,VALDEZ ROLANDI PABLO ANDRES,20201789576,20178957,"2,652,706.75","249,024.22","168,320.00","3,070,050.97","-671,169.54","-51,267.00","2,347,614.43","477,069.10","1,669.20",0.00,"1,669.20","3,548,789.27","3,548,789.27","2,349,283.63","395,255.76","232,010.73",0.00,0.00,0.00,0.00,0.00,0.00,0.00,0.00,0.00,0.00,0.00,0.00,0.00,0.00,0.00,0.00,0.00,0.00,0.00,0.00,0.00,0.00,0.00,0.00,0.00,0.00,0.00,0.00,0.00,0.00,0.00,0.00,0.00,0.00,0.00,0.00,0.00,0.00,0.00,0.00,0.00,0.00,0.00,0.00,0.00,0.00,0.00,0.00,0.00,0.00,0.00,0.00,"280,012.86",GRADO  VII          ,0.00,0.00,0.00,0.00,0.00,0.00,"284,742.00",0.00,0.00,30.00,29.00,0.00,0.00,0.00,0.00,0.00,0.00,0.00,0.00,0.00,0.00,0.00,"200,009.19",0.00,0.00,0.00,0.00,0.00,"16,023.88","1,669.20",0.00,"10,472.12",0.00,0.00,0.00,0.00,"26,525.00",0.00,0.00,0.00,0.00,0.00,0.00,0.00,0.00,0.00,"80,003.67",0.00,0.00,0.00,0.00,0.00,0.00,0.00,0.00,"6,000.00","7,200.00",0.00,900.00,0.00,0.00,"291,797.74","119,371.80","130,000.00",0.00,0.00,0.00,0.00,0.00,0.00,0.00,"65,000.00","65,000.00",0.00,0.00,0.00,0.00,0.00,0.00,0.00,0.00,0.00,0.00,0.00,"269,780.28",0.00,"119,371.80","87,917.02",0.00,"10,642.00",0.00,0.00,0.00,"48,002.20","10,169.29",0.00,0.00,0.00,0.00,0.00,0.00,0.00,0.00,0.00,0.00,0.00,0.00,0.00,"138,873.64",A3                          ,"214,853.83",0.00,0.00,0.00,0.00,0.00,1,Permanente Titular,DIRECCION DE AERONAUTICA                                                                                                                              ,MEDICO ANESTESISTA-Niv A3,Asistenciales                                               ,01/04/2026,01/04/2026,6,01/06/1968,01/11/2025,1530/SPS-2025,1530/SPS-2025 - REUBICACION LABORAL EN DIRECCION DE AERONAUTICA - NOTIF: 14/10/2025                                                                                                                     ,NULL,NULL,NULL,180483,10,PERSONAL DE PLANTA AERONAUTICA,M     ,01/11/2025,01/03/2008,SIN DATOS                                                                                           ,SIN DATOS                     ,Ninguno                       ,1298604,DE    ,A27,0.00,0.00,0.00,0.00,0.00,0.00,0.00,0.00,0.00,0.00,0.00,0.00,0.00,0.00,0.00,0.00,0.00,0.00,0.00,0.00,0.00,0.00,0.00,0.00,0.00,0.00,0.00,0.00,0.00,0.00,0.00,0.00,0.00,0.00,0.00,0.00,0.00,0.00,0.00,0.00,0.00,0.00,0.00,0.00,"24,001.10",0.00,"4,762.61",0.00,"400,018.37",0.00,"61,450.15",0.00,0.00,0.00,0.00,SinDatos,0.00,RECIBO OK,0.00,0.00,0.00,0.00,0.00,0.00,0.00,0.00,0.00,0.00,0.00,0.00,0.00,0.00,0.00,0.00,0.00,0.00,0.00,0.00,0.00,0.00,0.00,0.00,0.00,0.00,0.00,0.00,0.00,0.00,0.00,0.00,0.00,0.00,0.00,0.00,0.00,0.00,0.00,0.00,0.00,0.00,0.00,0.00,0.00,0.00,0.00,0.00,0.00,0.00,0.00,"169,488.23",0.00,0.00,0.00,0.00,0.00,0.00,0.00,0.00,0.00,0.00,0.00,0.00,0.00,0.00,0.00,0.00,0.00,0.00,0.00,0.00,"416,314.16","200,009.18",0.00,0.00,0.00,0.00,0.00,0.00,0.00,0.00,0.00
NIVEL d                                                     ,ZELARAYAN MARIO ESTEBAN,20239304827,23930482,"266,338.34","1,162,466.73","41,600.00","1,470,405.07","-163,157.45","-27,800.46","1,279,447.16","84,334.73","52,790.90",0.00,"52,790.90","1,607,530.70","1,607,530.70","1,332,238.06","180,802.80","32,544.56",0.00,0.00,0.00,0.00,0.00,0.00,0.00,0.00,0.00,0.00,0.00,0.00,0.00,0.00,0.00,0.00,0.00,0.00,0.00,0.00,0.00,0.00,0.00,0.00,0.00,0.00,0.00,0.00,0.00,0.00,0.00,0.00,0.00,0.00,0.00,0.00,0.00,0.00,0.00,0.00,0.00,0.00,0.00,0.00,0.00,0.00,0.00,0.00,0.00,0.00,0.00,0.00,"27,120.42",GRADO  II            ,"108,794.61",0.00,0.00,0.00,0.00,0.00,"143,017.00",0.00,0.00,30.00,9.00,0.00,0.00,0.00,0.00,0.00,0.00,0.00,0.00,"36,160.56",0.00,0.00,0.00,0.00,0.00,0.00,0.00,0.00,"16,023.88",0.00,"5,332.88",0.00,0.00,0.00,0.00,"6,658.46",0.00,0.00,0.00,0.00,0.00,0.00,0.00,0.00,0.00,0.00,"36,160.56",0.00,0.00,0.00,0.00,0.00,0.00,0.00,0.00,"6,000.00","3,600.00",0.00,900.00,0.00,0.00,"29,297.22","11,985.23","48,750.00",0.00,0.00,0.00,0.00,0.00,0.00,0.00,"48,750.00","24,375.00",0.00,0.00,0.00,0.00,0.00,0.00,0.00,0.00,0.00,0.00,0.00,"27,086.61",0.00,"11,985.23","45,262.89",0.00,"10,642.00",0.00,0.00,0.00,0.00,0.00,0.00,0.00,0.00,0.00,0.00,0.00,0.00,0.00,0.00,"90,401.40",0.00,"96,677.42",NIVEL d                ,0.00,0.00,0.00,0.00,0.00,0.00,0.00,0.00,2,Permanente Interino,DIRECCION DE AERONAUTICA                                                                                                                              ,ADMINISTRATIVO - NIVEL d,No Asistenciales,01/04/2026,01/04/2026,2,27/04/1974,01/01/2026,1503/SPS/2025,PASE A PLANTA INTERINA.-                                                                                                                                                                                ,NULL,NULL,NULL,23930482,32,PERSONAL DE PLANTA AERONAUTICA,M     ,01/01/2026,23/11/2023,PERITO MERCANTIL,SECUNDARIO                    ,Secundario                    ,1298604,DE    ,A27,0.00,0.00,0.00,0.00,0.00,0.00,0.00,0.00,0.00,0.00,0.00,0.00,0.00,0.00,0.00,0.00,0.00,0.00,0.00,0.00,0.00,0.00,0.00,0.00,0.00,0.00,0.00,0.00,0.00,0.00,0.00,0.00,0.00,0.00,0.00,0.00,0.00,0.00,0.00,0.00,0.00,0.00,0.00,0.00,"1,808.03",0.00,0.00,"180,802.80",0.00,"22,202.96",0.00,0.00,0.00,0.00,"111,272.70",SinDatos,0.00,RECIBO OK,0.00,0.00,0.00,0.00,0.00,0.00,0.00,0.00,0.00,0.00,0.00,0.00,0.00,0.00,0.00,0.00,0.00,0.00,0.00,0.00,0.00,0.00,0.00,0.00,0.00,0.00,0.00,0.00,0.00,0.00,0.00,0.00,0.00,0.00,0.00,0.00,0.00,0.00,0.00,0.00,0.00,0.00,0.00,0.00,0.00,0.00,0.00,0.00,0.00,0.00,"169,488.23",0.00,0.00,0.00,0.00,0.00,0.00,0.00,0.00,0.00,0.00,0.00,0.00,0.00,0.00,0.00,0.00,0.00,0.00,0.00,0.00,0.00,0.00,0.00,0.00,0.00,0.00,0.00,0.00,0.00,0.00,0.00,0.00